investment_type,announced_on,raised_amount_usd,post_money_valuation_usd,investor_count,org_uuid
angel,2004-09-01,500000.0,0.0,4.0,df662812-7f97-0b43-9d3e-12f64f504fbb
series_a,2005-05-01,12700000.0,98000000.0,4.0,df662812-7f97-0b43-9d3e-12f64f504fbb
series_b,2006-04-01,27500000.0,502500000.0,5.0,df662812-7f97-0b43-9d3e-12f64f504fbb
series_b,2006-05-01,10500000.0,0.0,2.0,f53cb4de-236e-0b1b-dee8-7104a8b018f9
series_a,2007-01-17,0.0,10000000.0,1.0,4111dc8b-c0df-2d24-ed33-30cd137b3098
series_b,2007-03-01,10000000.0,100000000.0,1.0,4111dc8b-c0df-2d24-ed33-30cd137b3098
seed,2005-12-01,1500000.0,0.0,4.0,3d16cb4c-911e-75c0-de5a-15c316b39f98
series_a,2007-05-01,6300000.0,0.0,3.0,56b5f0c1-855f-2ebb-083f-16641f1db2e1
seed,2007-03-07,40000.0,0.0,2.0,21e77067-5537-408e-cad7-e5e72bb6ad86
series_a,2007-06-05,3710000.0,21210000.0,6.0,21e77067-5537-408e-cad7-e5e72bb6ad86
series_b,2007-06-01,40000000.0,0.0,4.0,ea091a8c-40e0-0607-e05a-86e734f94ade
series_a,2007-03-14,13500000.0,0.0,3.0,ea091a8c-40e0-0607-e05a-86e734f94ade
series_b,2007-01-01,5700000.0,0.0,2.0,59fada33-1595-de45-b362-062a04cf51cf
series_a,2007-06-01,1500000.0,0.0,1.0,b528bd22-cce5-c60c-c79a-b4d995f66993
series_a,2007-05-09,45000000.0,0.0,5.0,90e234e5-c045-f851-e6aa-291af5d270fe
series_a,2007-03-05,13200000.0,0.0,1.0,6ec85818-e24d-4789-660e-9cda11bb86fa
series_a,2002-11-01,3800000.0,11300000.0,3.0,91f5ca18-e026-9482-8e4f-22593943e0f5
series_c,2006-06-01,10520000.0,0.0,2.0,f43648f4-f341-401b-3b0e-0219683e9ada
series_b,2004-09-01,6500000.0,0.0,0.0,f43648f4-f341-401b-3b0e-0219683e9ada
series_a,2006-05-01,2500000.0,0.0,2.0,fc89cfde-a28e-e12c-443c-edccb6c93fd4
series_b,2007-02-01,5500000.0,21000000.0,5.0,fc89cfde-a28e-e12c-443c-edccb6c93fd4
series_b,2003-07-01,8500000.0,42000000.0,3.0,91f5ca18-e026-9482-8e4f-22593943e0f5
series_c,2004-04-01,7000000.0,71000000.0,4.0,91f5ca18-e026-9482-8e4f-22593943e0f5
series_d,2007-02-01,9000000.0,131000000.0,1.0,91f5ca18-e026-9482-8e4f-22593943e0f5
series_a,2007-06-13,5000000.0,0.0,6.0,11352c70-21bb-b546-e9b2-723a4be03075
series_a,2007-07-01,2250000.0,0.0,4.0,9cf1e3e7-eec5-21c4-1034-7fc8befad0ce
series_b,2006-04-01,12500000.0,0.0,3.0,f0c65c5c-30f9-896e-f6d7-acd6026acd2e
series_c,2007-06-14,26000000.0,0.0,5.0,f0c65c5c-30f9-896e-f6d7-acd6026acd2e
seed,2007-06-01,1000000.0,0.0,2.0,dca84eab-ed98-af47-7183-7420856db9ef
series_c,2006-10-01,30000000.0,0.0,2.0,e867f917-49f4-717c-a827-1b2269d9bdb4
series_b,2006-04-01,26000000.0,0.0,1.0,e867f917-49f4-717c-a827-1b2269d9bdb4
series_a,2005-12-01,5000000.0,0.0,3.0,e867f917-49f4-717c-a827-1b2269d9bdb4
series_b,2007-05-01,6850000.0,0.0,2.0,b93d25ff-cf38-929e-57a6-b40bf77db9ca
series_a,2006-11-15,6000000.0,0.0,1.0,b93d25ff-cf38-929e-57a6-b40bf77db9ca
series_a,2006-03-01,6000000.0,0.0,2.0,d0647cec-acb3-9a23-bc4f-d3fad90ecb4e
seed,2007-02-01,700000.0,0.0,1.0,697df046-5264-0394-1ff2-7109a0d6e848
series_a,2007-06-01,4000000.0,0.0,2.0,697df046-5264-0394-1ff2-7109a0d6e848
series_c,2007-06-20,20000000.0,0.0,6.0,4c8d7754-50b1-a165-3dfe-a5d62877bbb6
series_a,2005-04-01,7500000.0,0.0,2.0,4c8d7754-50b1-a165-3dfe-a5d62877bbb6
series_b,2006-02-01,12500000.0,0.0,4.0,4c8d7754-50b1-a165-3dfe-a5d62877bbb6
seed,2007-01-01,3000000.0,0.0,1.0,e691c0a6-1f9c-8b4e-4287-c36f91d892bb
series_a,2006-04-01,4000000.0,0.0,1.0,5b05e013-a448-3a0b-d872-a6ae668e1192
series_b,2016-11-06,15000000.0,0.0,4.0,8a899f9c-886e-2b9c-378e-49bbeb316cfc
series_a,2005-03-01,5000000.0,60000000.0,4.0,8a899f9c-886e-2b9c-378e-49bbeb316cfc
series_b,2005-08-01,19500000.0,0.0,3.0,1c87b337-8256-711a-a78f-10a90009b3c3
series_c,2006-07-01,18000000.0,0.0,4.0,1c87b337-8256-711a-a78f-10a90009b3c3
series_a,2005-01-01,8000000.0,0.0,2.0,1c87b337-8256-711a-a78f-10a90009b3c3
series_a,2006-09-01,1000000.0,0.0,3.0,1ecfb336-a948-b94a-7741-46aa44136e3c
series_b,2007-06-25,8000000.0,0.0,1.0,1ecfb336-a948-b94a-7741-46aa44136e3c
series_a,2006-03-01,0.0,0.0,2.0,2aa969d7-5361-dacb-e9f1-dc53814a319a
series_a,2006-06-01,5000000.0,0.0,2.0,3d02b92f-668f-1a97-5c12-5d7646ae3ffe
series_b,2007-04-10,20000000.0,0.0,2.0,3d02b92f-668f-1a97-5c12-5d7646ae3ffe
angel,2007-01-01,100000.0,0.0,0.0,93ef5a7c-8369-f255-8533-0861c3ad43ad
series_a,2006-12-01,7000000.0,0.0,2.0,d68fcedd-3a0d-28f9-4805-9f22211c364f
series_a,2007-01-01,4000000.0,0.0,2.0,42d01582-809b-095a-6576-886cbb6dce51
series_a,2007-01-01,4250000.0,0.0,3.0,ab953126-0de3-ff97-9678-cc4fbd89d73d
series_a,2006-10-01,5000000.0,0.0,1.0,cfe3ce79-49e0-77e4-7d45-7c75b902ef04
series_b,2007-06-01,10000000.0,0.0,2.0,cfe3ce79-49e0-77e4-7d45-7c75b902ef04
series_a,2005-11-01,3500000.0,0.0,1.0,eef9eab2-4c50-f0a3-12b8-ce721fa2cc81
series_unknown,2006-03-30,8000000.0,88000000.0,2.0,eef9eab2-4c50-f0a3-12b8-ce721fa2cc81
series_a,2005-03-01,3000000.0,0.0,1.0,f53cb4de-236e-0b1b-dee8-7104a8b018f9
series_c,2007-05-09,20000000.0,0.0,2.0,b2995b09-230b-460e-ee0e-cf8c8ad2cd18
series_b,2004-03-01,18800000.0,0.0,2.0,9a0e860a-7743-28e2-05c0-2b08646d0fe1
series_a,2006-02-01,6000000.0,0.0,1.0,25a80a95-9edc-792a-88b3-c666ba64b181
series_b,2007-02-27,7000000.0,0.0,4.0,301ed09b-263f-660e-fd1c-eaac39b549b9
series_a,2006-11-29,6200000.0,0.0,3.0,301ed09b-263f-660e-fd1c-eaac39b549b9
series_b,2007-04-25,9000000.0,0.0,3.0,3b7e9147-7a9c-802b-4809-7daed9ad6eff
series_a,2006-01-01,3500000.0,0.0,3.0,3b7e9147-7a9c-802b-4809-7daed9ad6eff
series_b,2006-12-01,8500000.0,0.0,3.0,5f2b40b8-d1b3-d323-d81a-b7a8e89553d0
series_a,2005-10-28,2800000.0,0.0,7.0,5f2b40b8-d1b3-d323-d81a-b7a8e89553d0
series_b,2007-05-24,6000000.0,0.0,3.0,932adf20-03c2-9500-6239-515183dbeb8c
series_a,2007-04-01,0.0,0.0,2.0,622e63a9-147d-c538-57e9-03e9afb884e6
series_b,2006-05-01,3000000.0,0.0,2.0,9424e721-4ebf-90cf-39bd-311f128c0236
series_a,2005-04-01,500000.0,0.0,7.0,9424e721-4ebf-90cf-39bd-311f128c0236
series_b,2006-02-01,6500000.0,0.0,4.0,ac32bb92-c70a-d1de-3703-e285c46ecdb5
series_c,2006-08-01,8000000.0,0.0,1.0,ac32bb92-c70a-d1de-3703-e285c46ecdb5
series_a,2007-06-29,5350000.0,0.0,2.0,65787f75-2ed0-7a08-b434-2eb225c1ab67
series_a,2007-07-01,4000000.0,0.0,1.0,bbb6b150-639e-1b33-728d-0cfa1ffc9597
series_c,2006-10-01,10000000.0,0.0,1.0,e4d10a5e-9ec1-88b6-9acf-d8585c89bcb3
series_b,2005-10-01,5000000.0,0.0,1.0,e4d10a5e-9ec1-88b6-9acf-d8585c89bcb3
series_c,2007-07-14,44000000.0,0.0,2.0,98cd9691-c7ca-dd25-0dd4-665b52e9797d
series_a,2005-01-01,15000000.0,0.0,3.0,98cd9691-c7ca-dd25-0dd4-665b52e9797d
series_a,2006-03-01,3200000.0,0.0,4.0,716de5ea-3a3e-fad9-c94a-0b5e05f33e8a
series_b,2007-03-28,8000000.0,0.0,3.0,716de5ea-3a3e-fad9-c94a-0b5e05f33e8a
angel,2006-02-01,50000.0,0.0,1.0,750a84d3-78c7-8e3a-970f-f66e62626ff3
series_c,2007-02-01,15000000.0,0.0,4.0,b62feb13-991c-2ae7-8faa-0b96d9a69ec6
series_b,2004-01-01,8000000.0,0.0,1.0,b62feb13-991c-2ae7-8faa-0b96d9a69ec6
series_a,2004-10-01,1500000.0,0.0,2.0,5c6f4d9e-dc72-e018-ee21-71cd23f698ad
series_b,2005-07-01,7000000.0,0.0,3.0,5c6f4d9e-dc72-e018-ee21-71cd23f698ad
series_c,2007-01-01,12100000.0,0.0,7.0,5c6f4d9e-dc72-e018-ee21-71cd23f698ad
series_a,2007-07-01,2300000.0,0.0,3.0,b5f351ca-6fc1-3661-e3fb-a498ce4b1a47
seed,2007-07-01,700000.0,0.0,0.0,b5f351ca-6fc1-3661-e3fb-a498ce4b1a47
series_a,2006-05-01,5000000.0,0.0,4.0,8249dffa-1ca6-6f99-9f76-d56c83f85f2d
series_a,2007-01-01,1500000.0,0.0,3.0,2c0b76f3-f98d-e778-7fc9-d057f93fe995
series_b,2007-03-01,15000000.0,65000000.0,3.0,2c0b76f3-f98d-e778-7fc9-d057f93fe995
series_a,2006-05-01,1300000.0,0.0,1.0,6293e606-09d2-e1d1-2de7-7072b76cafeb
seed,2007-01-01,500000.0,0.0,1.0,bca6051d-bfab-c24b-bc0b-9ecaabf35feb
seed,2006-03-01,1000000.0,0.0,5.0,239683e5-4cbc-e4a7-8057-d8a6e5b90e52
series_a,2006-08-01,15000000.0,0.0,2.0,239683e5-4cbc-e4a7-8057-d8a6e5b90e52
series_a,2006-05-01,15000000.0,0.0,2.0,18cf5e6e-e986-11c2-fe62-81c6e4b1152d
series_a,2006-09-01,1000000.0,0.0,1.0,0d7c01ed-38ea-0753-d398-9d7d3d07882f
series_a,2007-04-01,1000000.0,0.0,1.0,0d7c01ed-38ea-0753-d398-9d7d3d07882f
series_c,2006-11-15,20000000.0,0.0,5.0,90374c1a-7f5a-5b32-3bb8-c4e5c2d62d9d
series_b,2005-07-01,8000000.0,0.0,4.0,90374c1a-7f5a-5b32-3bb8-c4e5c2d62d9d
series_a,2004-10-28,8000000.0,0.0,4.0,309e0502-ad2f-35ea-ee52-38dcb58702fd
series_b,2006-03-01,11000000.0,0.0,6.0,309e0502-ad2f-35ea-ee52-38dcb58702fd
series_a,2004-06-01,1000000.0,0.0,1.0,10dd03fa-69ff-3a82-6321-c6b16c9a9f41
series_b,2005-04-06,7000000.0,0.0,4.0,10dd03fa-69ff-3a82-6321-c6b16c9a9f41
series_a,2005-02-01,7000000.0,0.0,3.0,032eea86-255c-8c0f-f333-8665f1fefa69
series_b,2006-10-01,4000000.0,0.0,3.0,032eea86-255c-8c0f-f333-8665f1fefa69
series_c,2007-07-12,15000000.0,0.0,3.0,032eea86-255c-8c0f-f333-8665f1fefa69
series_a,2007-08-08,10000000.0,0.0,2.0,e9902eb8-59bb-fe73-2145-634a2220bd78
series_a,2007-07-01,4800000.0,0.0,2.0,a0f5e737-d973-703c-7f66-0fc31d0e4b5b
series_a,2004-07-01,1100000.0,0.0,1.0,57267573-e339-efe8-8d23-b9c3783d091e
series_b,2005-07-01,10000000.0,0.0,2.0,57267573-e339-efe8-8d23-b9c3783d091e
series_c,2006-12-01,18500000.0,0.0,4.0,57267573-e339-efe8-8d23-b9c3783d091e
series_a,2006-04-01,5000000.0,0.0,4.0,4a628e49-6ac3-3d95-0074-7859491273fe
series_b,2004-01-01,9315362.0,0.0,7.0,aeec75a9-d7a3-71e6-94ff-4e5ce16b4d0d
series_c,2006-02-27,12000000.0,0.0,5.0,aeec75a9-d7a3-71e6-94ff-4e5ce16b4d0d
angel,2006-09-11,350000.0,0.0,3.0,0e1154ac-b634-ed9a-8760-f121ae6ada61
seed,2007-02-01,2100000.0,0.0,3.0,0e1154ac-b634-ed9a-8760-f121ae6ada61
series_a,2006-09-01,0.0,0.0,2.0,61fe112e-e4fc-0fa2-dc41-b3e25d0441db
series_a,2004-09-01,4000000.0,0.0,1.0,9bc6d32d-0bd1-6c54-b7b2-d7436e948bc0
series_b,2006-02-01,8000000.0,0.0,2.0,9bc6d32d-0bd1-6c54-b7b2-d7436e948bc0
series_a,2005-12-01,3500000.0,0.0,3.0,1567a263-a0ac-54db-99df-68fdf84f1841
series_b,2007-01-01,9000000.0,0.0,0.0,1567a263-a0ac-54db-99df-68fdf84f1841
series_b,2004-10-01,10000000.0,0.0,1.0,86da6213-5b43-6419-4047-472102ccf66f
series_c,2007-01-29,12800000.0,0.0,3.0,86da6213-5b43-6419-4047-472102ccf66f
series_a,2007-03-01,1600000.0,0.0,2.0,eca38df1-1c83-e9f9-40ef-55c5ba4bd4a7
seed,2006-11-01,250000.0,0.0,1.0,ead31184-8413-76a0-f70f-f8dcd489cdc6
series_a,2002-12-01,6000000.0,0.0,1.0,6857bc58-467b-ef5e-ef40-eb83c55d9797
series_a,2005-07-01,0.0,0.0,0.0,24eecffe-abfb-118f-1361-893373635f3e
series_c,2007-07-01,13500000.0,0.0,5.0,c7102390-0901-e1d7-1805-a1dabc40f6ca
series_a,2007-02-01,10000000.0,0.0,1.0,9402bb49-2f5d-04a8-b2ad-089842dba883
series_a,2006-01-01,14000000.0,0.0,1.0,a506b119-1503-fd51-c31e-44e83a970848
series_b,2007-07-01,21000000.0,0.0,1.0,a506b119-1503-fd51-c31e-44e83a970848
series_unknown,2006-01-01,2500000.0,0.0,1.0,3091d3e8-7934-1e90-7c82-7f1c3caf53cb
series_unknown,2006-12-20,13300000.0,66500000.0,1.0,3091d3e8-7934-1e90-7c82-7f1c3caf53cb
seed,2005-06-01,1000000.0,0.0,7.0,124aba40-70a6-f002-21fd-9e978c1dfdc9
series_a,2006-10-01,1500000.0,0.0,0.0,022bddcc-e01a-a6de-91e9-b93cfcc5a9ee
series_a,2006-03-01,2500000.0,0.0,3.0,4e5b6d5b-128e-5a24-d3bf-e065b056150e
series_a,2006-12-01,3500000.0,0.0,2.0,4e5b6d5b-128e-5a24-d3bf-e065b056150e
series_b,2007-05-07,15000000.0,0.0,3.0,4e5b6d5b-128e-5a24-d3bf-e065b056150e
series_a,2006-07-01,1800000.0,0.0,0.0,d71ee847-cdd5-a8b4-276b-e760694d22fe
series_a,2004-09-01,6600000.0,0.0,2.0,c7102390-0901-e1d7-1805-a1dabc40f6ca
series_b,2006-06-01,8100000.0,0.0,1.0,c7102390-0901-e1d7-1805-a1dabc40f6ca
debt_financing,2006-06-01,1500000.0,0.0,1.0,c7102390-0901-e1d7-1805-a1dabc40f6ca
series_a,2005-03-01,1500000.0,0.0,8.0,3b80fbcc-bf72-de7f-c74f-2973e358ea94
series_a,2006-01-01,10000000.0,0.0,3.0,d5ecc455-7570-1f3f-a8a3-8b8417679c1b
series_b,2006-10-01,40000000.0,0.0,10.0,d5ecc455-7570-1f3f-a8a3-8b8417679c1b
series_c,2007-07-01,12000000.0,0.0,4.0,6515b4b2-6ade-e6ce-a21d-8f7d45998570
series_b,2006-05-01,8000000.0,0.0,4.0,6515b4b2-6ade-e6ce-a21d-8f7d45998570
series_a,2005-09-01,770000.0,0.0,1.0,6515b4b2-6ade-e6ce-a21d-8f7d45998570
series_a,2006-12-26,1500000.0,0.0,2.0,b3ffe48b-ac25-1db2-be02-cf624b56822c
series_a,2006-11-07,7000000.0,0.0,3.0,d1af53ec-866d-eda9-23db-429866757fec
series_a,2006-05-01,5000000.0,0.0,2.0,b9c6842d-e926-ae2c-55fc-f5b46889b9e0
series_b,2007-07-01,11000000.0,0.0,3.0,b9c6842d-e926-ae2c-55fc-f5b46889b9e0
series_b,2006-09-01,7500000.0,0.0,2.0,79296148-4e31-f01b-cf06-881fa75047a3
series_a,2005-03-01,2100000.0,0.0,1.0,79296148-4e31-f01b-cf06-881fa75047a3
series_a,2005-07-01,16000000.0,0.0,2.0,bcc07057-aa37-ad3c-7e12-bb43bc8f80d1
series_a,2004-10-01,1200000.0,0.0,4.0,6f2c4d97-2fdf-d8cd-73be-a7a2332d57a2
series_c,2006-03-01,13500000.0,0.0,2.0,6f2c4d97-2fdf-d8cd-73be-a7a2332d57a2
series_b,2006-12-01,18000000.0,0.0,5.0,d726d9e4-714e-21fc-aa68-f28f034afc19
series_a,2007-07-01,0.0,0.0,0.0,ae6489c1-28b6-db60-a202-88dcac78fdde
series_a,2007-02-01,2000000.0,0.0,3.0,c3772a88-7696-a8eb-d690-36fa52e58be9
series_a,2005-04-01,0.0,0.0,3.0,610de275-55cb-bcc9-730a-4d9b8923907a
series_a,2005-07-01,20000000.0,0.0,3.0,b7989ec0-09c2-44bf-8e02-f7edb0a0a656
series_b,2007-07-01,5000000.0,0.0,3.0,b7989ec0-09c2-44bf-8e02-f7edb0a0a656
series_a,2000-03-01,1200000.0,0.0,3.0,96227e0d-4879-94a1-fc65-96d485f60746
series_a,2001-05-01,300000.0,0.0,3.0,96227e0d-4879-94a1-fc65-96d485f60746
series_a,2006-07-01,0.0,0.0,1.0,11639150-e8c5-dd21-2573-1b2dc7cd7b83
angel,2004-01-01,300000.0,0.0,2.0,200f1b82-93c9-7b1a-c0ed-37d6fda3199f
series_b,2005-06-03,3100000.0,0.0,1.0,200f1b82-93c9-7b1a-c0ed-37d6fda3199f
series_b,2011-03-31,1500000.0,0.0,1.0,31f9d866-3660-5367-8c52-028a7610e441
series_a,2006-05-01,4000000.0,0.0,3.0,8bb63939-c2f7-4619-b78b-64413c516a5d
series_a,2005-12-01,6250000.0,0.0,2.0,678fba1e-90af-eb84-8a13-a8f1512d88d5
series_a,2007-07-01,20000000.0,0.0,1.0,8843b4a1-19c0-390b-507c-e6639ac8e8f4
angel,2005-09-01,1500000.0,0.0,1.0,7eb5e674-2d03-b456-211f-cf08e24a4150
series_a,2005-12-01,7000000.0,0.0,1.0,7eb5e674-2d03-b456-211f-cf08e24a4150
angel,2006-12-01,800000.0,0.0,2.0,60485007-8856-bbac-aa1b-c535c41f5f47
series_a,1999-12-01,2200000.0,0.0,1.0,b62feb13-991c-2ae7-8faa-0b96d9a69ec6
series_a,2000-10-01,6800000.0,0.0,1.0,b62feb13-991c-2ae7-8faa-0b96d9a69ec6
series_a,2006-07-01,0.0,0.0,1.0,266b51e1-990d-2238-4feb-a49ac54b7336
series_a,2005-08-01,5000000.0,0.0,3.0,b14269ea-89b8-2883-fce9-087ffb04d451
series_a,2000-05-01,7700000.0,0.0,1.0,ed54b2d5-f2f1-d4e9-9bbe-40961ff08d44
series_b,2002-03-13,5000000.0,0.0,3.0,ed54b2d5-f2f1-d4e9-9bbe-40961ff08d44
series_d,2005-01-01,10000000.0,0.0,1.0,ed54b2d5-f2f1-d4e9-9bbe-40961ff08d44
series_c,2003-03-01,15500000.0,0.0,1.0,ed54b2d5-f2f1-d4e9-9bbe-40961ff08d44
series_e,2007-07-01,20000000.0,0.0,5.0,ed54b2d5-f2f1-d4e9-9bbe-40961ff08d44
angel,2004-07-01,300000.0,0.0,1.0,cd2ac6f1-38cf-47e2-94d3-2c847c28687d
seed,2007-06-01,250000.0,0.0,1.0,fa2bd476-2f14-dda1-c8bf-b997d71feccd
seed,2006-12-01,0.0,0.0,0.0,505791a5-3533-333f-a17d-4625434ce63a
series_a,2007-07-24,1500000.0,0.0,2.0,fa2bd476-2f14-dda1-c8bf-b997d71feccd
series_a,2007-07-01,6000000.0,0.0,2.0,58d92e46-b4fb-bde9-8917-bb82a507eb2e
series_b,2007-07-25,5000000.0,0.0,2.0,e95cf6be-d512-3d4a-0a28-2a1e7f46c20b
series_a,2006-10-26,6338871.0,0.0,1.0,84a47fd6-8612-e375-0101-70e9e13cb56a
seed,2007-07-01,1500000.0,0.0,3.0,edbfbb52-4487-1d7c-1960-7d95f2e6809e
series_a,2006-12-01,4000000.0,0.0,2.0,0fc2d002-8102-1ecc-59dc-06ef55f6c7f0
series_a,2005-01-01,5000000.0,0.0,3.0,28d6cc0c-4f39-e45e-ac20-bf61cf1b3935
angel,2005-11-01,300000.0,0.0,0.0,0fc2d002-8102-1ecc-59dc-06ef55f6c7f0
series_b,2006-03-01,17000000.0,0.0,4.0,8bade1ee-3832-d1f1-6c4a-4833fdf5e572
series_a,2004-02-12,3700000.0,0.0,2.0,8bade1ee-3832-d1f1-6c4a-4833fdf5e572
series_b,2006-12-01,12000000.0,0.0,4.0,0f2c2560-b0da-f473-9d05-f5f09fa08da2
series_a,2005-09-01,43000000.0,0.0,2.0,84cd039e-448d-30b0-2d4c-8f46456508a3
angel,2006-11-01,0.0,0.0,1.0,8f94d3e1-d746-1c63-5efd-609aa914d70e
series_a,2006-10-01,3500000.0,0.0,0.0,e8b97815-376b-26f3-06d8-b8113c4433b6
angel,2006-05-01,1400000.0,0.0,1.0,908247bf-9e4b-3810-9857-33beffd704ea
series_a,2006-03-01,5500000.0,0.0,2.0,3298610f-a344-0550-9f26-9fc248e2c081
series_a,2007-06-01,2000000.0,0.0,2.0,3298610f-a344-0550-9f26-9fc248e2c081
series_a,2005-12-01,1750000.0,0.0,2.0,b94ed799-af3d-826d-c3aa-3c08b319ac85
series_a,2007-06-01,0.0,0.0,2.0,43e6b569-64a1-48b8-009d-c60cf0be4c02
series_a,2006-06-01,560000.0,0.0,1.0,305d8533-a3d6-5508-8a30-5d4d864d0463
series_a,2007-07-01,10600000.0,0.0,3.0,908247bf-9e4b-3810-9857-33beffd704ea
series_a,2006-03-01,4000000.0,0.0,10.0,e84e93ea-a32f-cc22-e3d8-a44fe89764f8
series_a,2006-09-01,20000000.0,0.0,2.0,8ad68725-eea5-fc63-7658-6b8730ffeb85
series_b,2006-12-28,10000000.0,0.0,3.0,e84e93ea-a32f-cc22-e3d8-a44fe89764f8
seed,2005-06-01,100000.0,0.0,1.0,0954d5cd-96d1-9017-901a-0b28284f06f7
series_a,2007-07-01,2800000.0,0.0,1.0,69822cf3-bea5-55dc-8378-d483719ee99e
series_unknown,2007-05-01,250000.0,0.0,1.0,69822cf3-bea5-55dc-8378-d483719ee99e
seed,2007-01-01,15000.0,0.0,1.0,8d374874-924f-bbfa-86b4-0d591373faef
series_a,2006-12-01,3200000.0,0.0,2.0,8a43e1cb-4958-3ef9-b471-38cc872cef96
seed,2006-02-01,700000.0,0.0,1.0,8a43e1cb-4958-3ef9-b471-38cc872cef96
series_b,2006-09-01,7000000.0,0.0,4.0,7a629f5d-d294-5c57-8fbc-5509dfb05df6
series_c,2007-07-01,29000000.0,0.0,5.0,7a629f5d-d294-5c57-8fbc-5509dfb05df6
series_a,2007-06-19,10000000.0,0.0,3.0,96e3d539-f920-139c-0436-7d5fe9af9098
series_a,2004-10-01,3200000.0,0.0,3.0,71256ce3-d5e9-84bb-d244-b57d8122899a
series_b,2005-10-01,7000000.0,0.0,4.0,71256ce3-d5e9-84bb-d244-b57d8122899a
series_c,2007-07-01,10300000.0,0.0,7.0,71256ce3-d5e9-84bb-d244-b57d8122899a
angel,2006-07-01,1500000.0,0.0,0.0,7dc6c48b-a55c-1c6b-ea45-cb4c78028451
seed,2005-12-01,0.0,0.0,1.0,03af436e-0002-191e-e531-c18082a70c95
series_d,2001-02-16,90000000.0,0.0,5.0,96ab87ca-00b5-2ebc-f218-86262954e320
series_a,2006-10-01,5500000.0,0.0,1.0,db1ac67c-e71d-a3c4-47c3-683dccf24961
series_a,2005-06-01,21000000.0,0.0,3.0,0211e5cb-0f47-7275-0e73-bc0f5628615a
series_a,2006-01-01,5400000.0,0.0,2.0,c2ba72ad-90df-961a-faaf-e140b7fec7a6
series_b,2007-07-01,10000000.0,0.0,1.0,c2ba72ad-90df-961a-faaf-e140b7fec7a6
angel,2005-12-01,0.0,0.0,1.0,96e3d539-f920-139c-0436-7d5fe9af9098
series_a,2005-03-01,5500000.0,0.0,2.0,5feb6981-348c-dfc0-0504-dcfe73a331ce
series_b,2005-11-30,16200000.0,0.0,6.0,5feb6981-348c-dfc0-0504-dcfe73a331ce
series_c,2007-06-01,9000000.0,0.0,8.0,bc1cb118-daf1-29a3-3caa-af1fbe08cbcf
series_a,2004-07-01,1000000.0,0.0,1.0,e4d10a5e-9ec1-88b6-9acf-d8585c89bcb3
series_c,2007-01-17,59500000.0,200000000.0,11.0,5feb6981-348c-dfc0-0504-dcfe73a331ce
series_b,2006-09-21,5000000.0,0.0,1.0,5feb6981-348c-dfc0-0504-dcfe73a331ce
angel,2007-01-01,600000.0,0.0,4.0,b24a5cfc-baad-14ab-f831-25862e0672c1
series_a,2004-07-01,2500000.0,0.0,2.0,02bd1877-24f7-dce9-d8f7-f3a5ab10ab47
series_b,2005-11-01,8000000.0,0.0,1.0,02bd1877-24f7-dce9-d8f7-f3a5ab10ab47
series_a,1999-12-14,7500000.0,0.0,6.0,51469caa-39ed-131d-1670-31eeb563bde4
series_b,2000-05-01,36000000.0,0.0,7.0,51469caa-39ed-131d-1670-31eeb563bde4
seed,2007-04-15,15000.0,0.0,1.0,1321649b-74c2-76eb-fc01-2f38ffcdf9ff
series_a,2006-03-27,8500000.0,0.0,3.0,da372c94-3d71-305e-48ca-382250448ec8
series_a,2007-08-01,0.0,0.0,1.0,ff9aad78-dde3-4857-fea6-66e5c1ce98dd
angel,2006-02-01,1000000.0,0.0,1.0,f1f92e31-3440-8a82-9508-8e5e32dfd212
series_a,2006-06-01,8930000.0,0.0,2.0,8c57c3c2-e65b-e45b-c754-89dc9f85580a
series_b,2007-03-01,12000000.0,0.0,3.0,8c57c3c2-e65b-e45b-c754-89dc9f85580a
series_a,2007-06-01,3500000.0,0.0,5.0,9b6d3860-edaa-a093-4732-54c98a82803e
series_c,2007-08-01,30000000.0,0.0,8.0,634a9431-ca3d-26f5-8483-e6852101c2ea
series_b,2006-08-01,20000000.0,0.0,6.0,634a9431-ca3d-26f5-8483-e6852101c2ea
series_a,2007-02-01,4500000.0,0.0,1.0,427ad1b8-60ba-9b7a-6e1e-a8a9ea0a38f4
series_a,2004-12-01,440000.0,0.0,2.0,2de58f76-bbba-cbab-01d4-f1d3b63cddc4
series_b,2005-06-01,1000000.0,0.0,0.0,2de58f76-bbba-cbab-01d4-f1d3b63cddc4
series_c,2006-05-01,4100000.0,0.0,1.0,2de58f76-bbba-cbab-01d4-f1d3b63cddc4
series_a,2007-12-19,18000000.0,0.0,5.0,2c022ee7-ed83-b713-bb21-e16e49d5b622
seed,2007-04-15,15000.0,0.0,1.0,9e3b3170-f33c-ed69-760e-eef17b2a7ff6
series_b,2006-03-01,2000000.0,0.0,1.0,3b80fbcc-bf72-de7f-c74f-2973e358ea94
series_c,2007-03-01,1500000.0,0.0,1.0,3b80fbcc-bf72-de7f-c74f-2973e358ea94
series_a,2006-06-01,0.0,0.0,1.0,d72b3ad9-64ea-0e05-f55f-bf9d8f82c534
series_a,2007-08-01,36600000.0,0.0,3.0,992a336f-6710-fc12-5856-15bdd1a6eb5c
series_a,2006-01-01,5000000.0,0.0,3.0,9964e4ba-5128-c82e-421f-ce9b398fe4de
series_b,2007-01-01,16000000.0,132000000.0,5.0,9964e4ba-5128-c82e-421f-ce9b398fe4de
series_a,2006-11-15,5100000.0,0.0,1.0,6db1e334-c71d-d6d4-e6ea-4281d3bc1186
series_a,2005-11-01,4000000.0,0.0,2.0,a94a240a-9929-424b-7aeb-74e3b8d3b2dd
series_b,2006-04-01,8700000.0,0.0,3.0,a94a240a-9929-424b-7aeb-74e3b8d3b2dd
series_a,2005-07-01,2250000.0,0.0,1.0,f0c65c5c-30f9-896e-f6d7-acd6026acd2e
series_b,2006-07-01,15000000.0,0.0,2.0,20c1a9ac-9efc-049a-3618-5a24fb05a89e
series_b,2007-08-01,12000000.0,0.0,4.0,b94dd8d9-a918-4d94-8373-e4ca6c7d34b7
series_a,2007-08-01,2000000.0,0.0,1.0,c2fb56f0-4fc7-ae37-deca-02c2dfe1edf2
series_a,2006-08-01,9500000.0,0.0,2.0,b511c660-5bea-3583-4987-af99b38aec0d
series_a,2006-11-01,6000000.0,0.0,3.0,35c99bab-7b68-7ebf-b28c-0d64132a2489
seed,2005-01-01,0.0,0.0,2.0,886dac3f-800a-9b51-c221-9df4133586fa
series_a,2005-03-01,0.0,0.0,2.0,886dac3f-800a-9b51-c221-9df4133586fa
series_b,2005-11-01,3300000.0,0.0,1.0,886dac3f-800a-9b51-c221-9df4133586fa
series_c,2006-06-01,10000000.0,0.0,1.0,886dac3f-800a-9b51-c221-9df4133586fa
seed,2005-10-05,200000.0,0.0,2.0,d1af53ec-866d-eda9-23db-429866757fec
series_b,2007-08-01,10300000.0,0.0,3.0,2dd3505d-af7d-47e5-233c-5932574aa211
series_a,2006-07-01,7000000.0,0.0,2.0,2dd3505d-af7d-47e5-233c-5932574aa211
series_unknown,2014-11-26,5000000.0,0.0,4.0,95b566c0-b31a-4586-23f8-5eee072ea621
series_b,2006-01-01,3500000.0,0.0,4.0,95b566c0-b31a-4586-23f8-5eee072ea621
series_a,2006-03-01,5000000.0,0.0,2.0,daf5289d-6361-a812-9496-53bddf52d7cf
private_equity,2007-10-01,16500000.0,0.0,4.0,daf5289d-6361-a812-9496-53bddf52d7cf
series_b,2007-08-01,11000000.0,0.0,4.0,dcc53901-5c7d-dc0b-e67a-ef7ddede5a61
series_a,2006-06-01,6000000.0,0.0,2.0,dcc53901-5c7d-dc0b-e67a-ef7ddede5a61
series_a,2007-07-01,0.0,0.0,2.0,3018d689-6315-a660-860c-176bcf1aea7d
angel,2002-01-01,0.0,0.0,1.0,5e96c2a8-d04e-0f06-84da-f4bd4943f74d
series_b,2004-12-01,11830000.0,0.0,3.0,5e96c2a8-d04e-0f06-84da-f4bd4943f74d
seed,2005-04-01,0.0,0.0,10.0,b6786d44-5bac-b00a-32ab-067fc845c173
angel,2007-01-01,657596.0,0.0,1.0,e2e99039-392f-fd5c-4edf-2902f938c4ea
series_b,2004-10-01,10000000.0,0.0,2.0,e05eaeb6-f3d4-74be-d0ec-6d1ab050492e
series_c,2006-03-01,12000000.0,0.0,2.0,e05eaeb6-f3d4-74be-d0ec-6d1ab050492e
series_a,2007-05-01,650000.0,0.0,5.0,8adae63e-fac9-89fc-fcdf-3f161498ddd0
series_a,2005-09-01,8750000.0,0.0,1.0,7066da9d-c52d-a95a-c34f-937f7667efc9
series_b,2006-12-01,20000000.0,0.0,2.0,7066da9d-c52d-a95a-c34f-937f7667efc9
series_c,2006-07-01,70000000.0,0.0,3.0,89a3d976-2695-86fb-1e2b-fa0e46517639
series_b,2004-08-01,15000000.0,0.0,3.0,89a3d976-2695-86fb-1e2b-fa0e46517639
series_c,2006-11-01,30000000.0,0.0,6.0,89a3d976-2695-86fb-1e2b-fa0e46517639
series_a,2007-03-22,1000000.0,0.0,4.0,51ef0cda-09c1-f1ce-3a68-42319f27b4ce
series_b,2007-08-01,5000000.0,0.0,5.0,51ef0cda-09c1-f1ce-3a68-42319f27b4ce
seed,2007-04-15,15000.0,0.0,1.0,541cf2e7-5123-3f5d-8328-b7052c7e8d3c
seed,2007-04-15,15000.0,0.0,1.0,f8af0817-50c5-0b9d-8613-7b2af0b89a28
seed,2007-06-01,15000.0,0.0,1.0,a9c0d789-322f-73a1-c5fe-893a6bd378fc
seed,2007-04-15,15000.0,0.0,1.0,a53970c2-0e5d-636e-1d06-6083a4fe7d90
seed,2007-08-01,15000.0,0.0,1.0,65a193d2-c777-ee85-b30b-d000793b2187
seed,2007-04-15,15000.0,0.0,1.0,6febb010-e6f0-a6c4-2283-44e954980ba0
seed,2007-04-15,15000.0,0.0,1.0,9d92578e-a7df-6e08-296f-4f0be4191339
seed,2007-06-01,15000.0,0.0,2.0,354446ed-9a91-8613-b6f9-9da5decbea67
seed,2007-10-01,10000.0,0.0,1.0,0a5b0457-f37c-ac5c-5d24-b1e6fb50c64b
series_a,2010-12-01,1000000.0,0.0,1.0,e212a930-25b3-2de3-3c6c-19f0965fcb47
seed,2007-01-01,0.0,0.0,1.0,ab360f00-7e63-6e1d-8fd0-290325d567d7
series_a,1999-06-07,25000000.0,100000000.0,8.0,6acfa7da-1dbd-936e-d985-cf07a1b27711
seed,2007-08-01,1000000.0,0.0,5.0,60eb7215-061c-03cd-fdc5-b64a2bddbf5a
series_a,2006-04-01,0.0,0.0,1.0,27437037-21b1-bdf7-e911-d0c5c7984058
seed,2007-08-01,0.0,0.0,1.0,f345cad2-9144-52ab-a116-982aaa4c609c
series_b,2007-08-01,30000000.0,0.0,4.0,20c1a9ac-9efc-049a-3618-5a24fb05a89e
series_a,2007-08-01,5500000.0,0.0,1.0,d49f849d-29e1-3b1a-098e-f44cb6eb923e
series_a,2007-08-21,6500000.0,0.0,2.0,e78fd8b6-347f-eecf-b569-0d155627a1c5
series_a,2006-09-01,3849016.0,0.0,1.0,f2452706-218e-46cc-b3fa-4d1f11ca2198
angel,2007-01-01,250000.0,0.0,3.0,76e99ee7-8fae-b091-4710-e13b76b12f30
angel,2007-06-01,1000000.0,0.0,2.0,d0515f69-4fc4-aff3-61b7-05c83efb6551
series_a,2005-12-01,5600000.0,0.0,1.0,85f021c5-877c-6ffc-c055-9324fe04a663
series_a,2005-07-01,8900000.0,0.0,3.0,1eb828c4-af27-6967-4508-5ccffc69a863
series_a,2005-02-01,7000000.0,0.0,3.0,ac32bb92-c70a-d1de-3703-e285c46ecdb5
series_a,2004-06-01,7500000.0,0.0,2.0,6b77b3c7-d804-aedd-b889-89273c72bbf8
series_a,2005-11-01,4000000.0,0.0,1.0,2e635eae-f9b3-3adc-bb1a-4f02597de101
series_b,2005-02-01,14000000.0,0.0,1.0,96227e0d-4879-94a1-fc65-96d485f60746
seed,2003-08-01,800000.0,0.0,1.0,54e625c8-3f27-cd64-d7c6-cfd2b96a5a5a
series_b,2004-10-06,8500000.0,0.0,2.0,54fd6601-03d0-6ff4-df1a-1013ce4386f6
series_a,2005-02-01,5600000.0,0.0,2.0,e8802b0d-823c-c171-8f7d-b5e4dc83d864
series_a,2003-07-01,1500000.0,0.0,4.0,ec74826e-c72e-a898-d676-f710724dd73d
series_b,2004-09-01,11800000.0,0.0,6.0,ec74826e-c72e-a898-d676-f710724dd73d
series_b,2007-05-01,10000000.0,0.0,6.0,6b77b3c7-d804-aedd-b889-89273c72bbf8
series_a,2007-08-01,17500000.0,0.0,3.0,f65b1a25-260d-fe24-c3bc-d94a50565cbf
series_a,2001-03-01,22900000.0,0.0,5.0,f2b7daff-a5eb-a60f-f003-9af2f7b9f6c9
series_b,2007-08-01,4500000.0,0.0,1.0,f9e299c3-c7a7-bbbe-b67b-cd5a82274d35
series_a,2004-01-13,8400000.0,0.0,2.0,d8c3cb7b-e279-d2fd-0062-1f58894ede20
series_b,2004-08-16,13000000.0,0.0,4.0,d8c3cb7b-e279-d2fd-0062-1f58894ede20
series_a,2000-06-01,3000000.0,0.0,1.0,61a357f9-24ac-5159-9b71-bf09855d961b
series_b,2004-11-01,110000000.0,460000000.0,4.0,61a357f9-24ac-5159-9b71-bf09855d961b
series_b,2003-10-01,13000000.0,0.0,4.0,2a5fa1db-4075-04fb-d76c-372158a3a2c8
series_a,2001-03-01,3000000.0,0.0,2.0,798e2796-caa2-a47f-3053-e9d82db1d2b3
series_a,2004-11-01,8400000.0,0.0,1.0,cfd8bafd-5db7-7a33-6c55-36f905ae627f
series_a,2004-08-01,5200000.0,0.0,2.0,d98d9b6d-40b9-a475-9d16-8bb9f39f054d
series_unknown,2014-01-09,1000000.0,0.0,1.0,e62b140b-2321-d4b5-a74c-19d989be276b
series_b,2003-11-01,5300000.0,0.0,1.0,e62b140b-2321-d4b5-a74c-19d989be276b
series_a,2005-01-01,5000000.0,0.0,1.0,96fcf356-87e6-5515-4898-ac5217f19c57
series_a,2003-12-01,3000000.0,0.0,1.0,c3f42cfe-9b3b-86e6-4666-b37251f82f3f
series_b,2005-02-01,8600000.0,0.0,1.0,c3f42cfe-9b3b-86e6-4666-b37251f82f3f
series_a,2004-10-01,4000000.0,0.0,1.0,f289b817-a016-81e7-1229-22c315e3bf67
seed,2006-05-01,3500000.0,0.0,2.0,b7a82064-c3fd-ddd9-1bae-5c36e1202468
series_a,2007-08-01,5000000.0,0.0,2.0,b7a82064-c3fd-ddd9-1bae-5c36e1202468
series_a,2004-03-01,250000.0,0.0,1.0,2b8bde44-62f9-d833-cf15-40b7360e9440
series_b,2004-06-01,2000000.0,0.0,1.0,2b8bde44-62f9-d833-cf15-40b7360e9440
series_a,2005-10-01,25000000.0,0.0,1.0,f1c40ec4-78df-3bf5-7e39-f05181ff1702
series_a,2004-11-01,10500000.0,0.0,2.0,05922758-a3de-ad6d-8c9f-6f7e1529da69
debt_financing,2005-06-10,4000000.0,0.0,4.0,05922758-a3de-ad6d-8c9f-6f7e1529da69
series_b,2007-05-01,8900000.0,0.0,3.0,ba547ada-b8e0-1a9a-c553-47cb3b9bbcad
series_a,2006-10-12,1200000.0,0.0,3.0,ba547ada-b8e0-1a9a-c553-47cb3b9bbcad
series_b,2005-12-01,5700000.0,0.0,3.0,6a4a2e74-0801-24b7-d755-881b07025f17
series_a,2000-06-01,15000000.0,0.0,3.0,e87b7a54-037d-8030-e103-01569a84564a
series_b,2004-03-01,23000000.0,0.0,3.0,e87b7a54-037d-8030-e103-01569a84564a
series_d,2004-10-01,20000000.0,0.0,1.0,487f91ff-e504-9c38-1879-3fc170152930
series_e,2005-06-01,15000000.0,0.0,0.0,487f91ff-e504-9c38-1879-3fc170152930
series_c,2002-05-01,7500000.0,0.0,1.0,487f91ff-e504-9c38-1879-3fc170152930
series_b,2000-01-20,1100000.0,0.0,4.0,487f91ff-e504-9c38-1879-3fc170152930
series_a,2004-03-01,40000000.0,0.0,1.0,6d082604-b4b4-fe14-0884-1d9a83ffa3a2
series_unknown,1999-10-01,60000000.0,0.0,4.0,a0d07bbb-32ee-2d8e-a875-54551dd02697
series_unknown,2002-01-01,25000000.0,0.0,1.0,a0d07bbb-32ee-2d8e-a875-54551dd02697
series_a,2005-02-01,11500000.0,0.0,2.0,923944c9-ca50-c941-a1d3-14729d244760
series_a,2004-06-01,3000000.0,0.0,2.0,4333e0ee-7959-8453-7e19-5583365e50c3
series_b,2005-06-01,9000000.0,0.0,2.0,4333e0ee-7959-8453-7e19-5583365e50c3
series_f,2005-03-01,60000000.0,0.0,1.0,aa1e8e87-3f26-f8be-a22f-f11a71eff0b7
angel,2003-12-01,8000000.0,0.0,1.0,719aa4f0-e81e-8ba6-01d1-a868e4111106
series_a,2004-07-01,6000000.0,0.0,1.0,3ac6ffe9-ac88-f835-c72f-da61eb6a8c25
series_a,2000-07-01,4200000.0,0.0,1.0,6fa4c220-b08b-1e54-0f10-d4c04cbb537c
series_a,2005-10-01,5000000.0,0.0,2.0,52850bda-8dd9-56f2-724b-9e6bce632f8a
series_c,2007-03-20,12900000.0,0.0,3.0,58562479-91c5-bcea-5aeb-80b3698a87f5
series_b,2006-03-01,15000000.0,0.0,4.0,58562479-91c5-bcea-5aeb-80b3698a87f5
angel,2006-07-01,5000000.0,0.0,1.0,58562479-91c5-bcea-5aeb-80b3698a87f5
series_a,2005-01-01,1000000.0,0.0,0.0,58562479-91c5-bcea-5aeb-80b3698a87f5
angel,2007-05-01,2000000.0,0.0,1.0,ac9ce2f6-47a1-8d6e-514e-49f7737b86fd
series_a,2007-08-23,10260000.0,0.0,2.0,ac9ce2f6-47a1-8d6e-514e-49f7737b86fd
series_c,2002-01-02,11000000.0,0.0,8.0,0d5fbe74-779e-7e81-da82-1604051a4267
series_c,2004-10-15,18936000.0,0.0,5.0,0d5fbe74-779e-7e81-da82-1604051a4267
series_b,2007-12-01,15000000.0,0.0,3.0,9cf1e3e7-eec5-21c4-1034-7fc8befad0ce
series_unknown,2007-04-01,2000000.0,0.0,1.0,1a4d4afd-d8ef-d995-3454-8132f5c68c8d
series_a,2006-01-01,9000000.0,0.0,0.0,8efe5a00-5079-e116-28b8-5271b94b92c8
series_a,2007-05-01,3000000.0,0.0,1.0,b590dd9c-1703-fc11-d827-4c8599e58ae8
series_a,2007-05-01,4175000.0,0.0,1.0,90d176e6-11c7-4d05-37c1-70e3bdcbf6b4
series_a,2005-11-01,2000000.0,0.0,1.0,856c4ff6-88cf-337f-7fac-6eba2b14a3d5
series_a,2006-07-14,6000000.0,0.0,1.0,856c4ff6-88cf-337f-7fac-6eba2b14a3d5
series_b,2006-03-28,10000000.0,0.0,4.0,b170cc4c-eb1b-e549-4cc9-62eae6573916
series_a,2005-08-01,5000000.0,0.0,4.0,b170cc4c-eb1b-e549-4cc9-62eae6573916
series_b,2007-05-01,8000000.0,0.0,2.0,e19c5cfc-b3c3-2b42-c586-16f98faa141f
series_a,2006-01-01,3000000.0,0.0,1.0,e19c5cfc-b3c3-2b42-c586-16f98faa141f
series_a,1999-05-01,2000000.0,0.0,3.0,584d5081-79f6-83be-acc9-8b5d47cb5484
series_b,2000-01-01,10000000.0,0.0,5.0,584d5081-79f6-83be-acc9-8b5d47cb5484
series_c,2000-10-01,36000000.0,0.0,6.0,584d5081-79f6-83be-acc9-8b5d47cb5484
series_a,2007-08-27,3000000.0,0.0,2.0,be871c33-ab8f-b64b-8f34-d7753e9b67e8
series_a,2007-05-01,2500000.0,0.0,1.0,21bacb27-609e-15ea-e220-58903e9fbe13
series_a,2007-05-01,2700000.0,0.0,1.0,bdc4e66b-7210-4157-3c23-0019b926f121
series_a,2007-05-01,0.0,0.0,1.0,2d9aab7a-f5fc-7785-be20-fc4859268c34
seed,2005-06-16,750000.0,0.0,6.0,14bceed4-cc09-fbec-5b0c-cbf7cbc7b27a
series_a,2006-03-15,2200000.0,0.0,6.0,14bceed4-cc09-fbec-5b0c-cbf7cbc7b27a
series_c,2007-05-01,30000000.0,0.0,5.0,c209f6cc-c393-2610-4a18-8404e40dab1b
series_a,2007-05-01,0.0,0.0,1.0,a5a7b65f-e8b1-8a2d-ae7c-e3af83be2d48
pre_seed,2007-05-01,500000.0,0.0,1.0,216afab8-07d0-6809-9aab-08885220a175
series_c,2007-05-01,18500000.0,0.0,3.0,57d20a45-b17e-1f6a-9cfe-4b4bb7e1ab41
seed,2007-05-01,175000.0,0.0,0.0,5caab1a7-fa30-da85-a287-b7aadfda4eef
series_a,2007-05-01,7000000.0,0.0,1.0,79d9db2b-7fed-2c83-7f7b-6b2d5f798ff6
seed,2007-05-01,0.0,0.0,0.0,ea0f46c7-a2bb-81fe-07f3-613f7eeea8c3
series_a,2007-05-01,2800000.0,0.0,1.0,97a755c0-53fb-1e67-d9a4-fa95e6c5d102
series_a,2007-05-01,7000000.0,0.0,0.0,6d0cf367-439f-4647-5038-7a594c09b53a
series_a,2007-05-01,6000000.0,0.0,1.0,f9b3c639-c04b-9182-2bf2-e2bea0dcc073
series_b,2007-05-01,30000000.0,0.0,2.0,6454c1bf-11c2-a3f3-6126-735aa5661545
series_a,2005-05-01,2600000.0,0.0,1.0,4610ded1-1d78-91de-7696-3c0103010da4
series_a,2007-06-01,6000000.0,0.0,2.0,e68cfd70-01c5-40b4-3d02-55741b5d1d9c
series_c,2006-10-04,4099999.0,0.0,2.0,47f68451-c829-8645-0f76-94cbf63186fc
series_a,2007-06-07,4000000.0,0.0,4.0,80ad201b-cfb3-1f79-7059-f00c057a5877
seed,2007-05-08,1360000.0,0.0,3.0,3d332165-0fde-d6cb-0a31-54f71d8ff77b
series_b,2008-03-01,10000000.0,0.0,2.0,0523073c-9f57-8f41-905d-9d971a21a6bd
angel,2007-02-01,1000000.0,0.0,0.0,c39b1a6a-8237-1069-4621-df1c010be6e4
seed,2007-05-01,750000.0,0.0,0.0,51e7d549-c89a-ff1a-d865-7be5a8b38f05
angel,2007-05-01,1200000.0,0.0,0.0,027a72da-6ad5-1e9e-9d92-36d073471521
angel,2007-05-01,750000.0,0.0,2.0,3360a309-3692-c2ad-2b84-92c3bfcccca6
angel,2007-05-16,550000.0,0.0,0.0,62950e72-ff64-54aa-cbe0-9d5cd2bb8102
series_b,2007-05-01,5450000.0,0.0,4.0,709b2785-d7ec-4539-446c-5cd1672d979e
series_b,2007-08-28,8000000.0,0.0,2.0,72719d7e-151e-027f-fbb6-da95d4e7747e
series_a,2006-06-16,5000000.0,0.0,1.0,72719d7e-151e-027f-fbb6-da95d4e7747e
series_a,2007-08-01,10000000.0,0.0,4.0,edbfbb52-4487-1d7c-1960-7d95f2e6809e
series_a,2004-01-01,2000000.0,0.0,5.0,1a766013-4ab1-3716-24b6-95542c984430
series_b,2006-11-01,3000000.0,0.0,5.0,1a766013-4ab1-3716-24b6-95542c984430
series_c,2007-07-01,4000000.0,0.0,4.0,1a766013-4ab1-3716-24b6-95542c984430
series_a,2007-08-01,5000000.0,0.0,1.0,7ac8de1f-61b5-b1e8-d67d-6983e765b0cf
angel,2006-10-27,1000000.0,0.0,7.0,43bfb0e0-1ae0-3010-73f0-4df03f873b8a
seed,2007-05-01,5000000.0,0.0,0.0,53a472ae-7f9b-e7f2-af44-fa274a252c68
series_a,2007-05-24,0.0,0.0,2.0,05155100-b73a-4b19-60e3-8b3250307395
series_a,2001-05-01,7000000.0,0.0,1.0,e4258e9a-c543-9a50-9678-64816a44db16
series_b,2003-02-01,4000000.0,0.0,0.0,e4258e9a-c543-9a50-9678-64816a44db16
seed,2007-05-01,0.0,0.0,4.0,beee5599-848c-89a1-eef6-df1bbf0700bd
debt_financing,2007-06-01,4000000.0,0.0,1.0,e4258e9a-c543-9a50-9678-64816a44db16
series_b,2007-12-18,8500000.0,0.0,1.0,55272742-9158-69f1-31a1-364322caff54
series_b,2007-06-01,8300000.0,0.0,2.0,8e89e5ab-0f7a-15fe-c3d7-eef614ffbe23
series_a,2006-12-01,5400000.0,0.0,2.0,b5a4382e-d555-e43f-87f1-7e9ddfc0ec58
series_b,2007-06-21,2000000.0,0.0,1.0,b5a4382e-d555-e43f-87f1-7e9ddfc0ec58
series_a,2007-06-01,9500000.0,0.0,1.0,c4cadedc-c06e-7b36-a9f4-d7aa3f8ea7e6
series_a,2007-02-01,1200000.0,0.0,5.0,c8997f98-4d36-e699-6469-b56e2d4fbda6
series_a,2007-06-27,0.0,0.0,1.0,273ddce7-13c0-cd23-d982-ca5a64fbe6ad
angel,2007-06-01,0.0,0.0,0.0,086877f5-222a-6c8e-bfdc-ff2e0d6e6e1f
series_a,2006-01-01,4000000.0,0.0,2.0,ec75329b-b01c-74b4-19ec-a72bb5f21192
private_equity,2007-08-01,100000000.0,1000000000.0,1.0,e4f41fbf-eea3-2db9-0c69-cd16f5cfc0e9
series_a,2006-01-01,6300000.0,0.0,3.0,c5fef562-18c3-ae85-01bb-5bd9150efe69
series_a,2007-08-29,7500000.0,0.0,3.0,2b98ac04-afd1-b527-7b1c-14eee66c113b
series_b,2007-03-01,15000000.0,0.0,3.0,82176a6f-806b-1517-317e-1e318dca8f81
series_a,2006-09-01,3600000.0,0.0,4.0,82176a6f-806b-1517-317e-1e318dca8f81
series_b,2007-08-31,34000000.0,0.0,4.0,b511c660-5bea-3583-4987-af99b38aec0d
series_d,2007-06-01,10000000.0,0.0,5.0,a126e1d4-6a80-dfbe-73c3-4dfd8e1c903d
series_c,2005-03-01,8000000.0,0.0,5.0,a126e1d4-6a80-dfbe-73c3-4dfd8e1c903d
series_a,2005-05-01,0.0,0.0,4.0,90374c1a-7f5a-5b32-3bb8-c4e5c2d62d9d
series_a,2007-08-01,15000000.0,0.0,2.0,6d0dcf39-086e-50cf-35d2-c79775fa1eaa
series_a,2007-08-01,6000000.0,0.0,4.0,3b6d4100-8fb0-91c5-adfb-939b4d818161
series_a,2007-06-01,2500000.0,0.0,3.0,80df3170-4d47-ce89-ca3a-adc6f624adfd
angel,2007-06-01,0.0,0.0,6.0,94a83a84-b2ea-6d0a-0612-d02ea98a9c03
series_a,2007-06-01,5000000.0,0.0,4.0,7257b6c5-f783-4f30-8aaa-106522ea3479
series_a,2007-06-01,6500000.0,0.0,2.0,873876d5-6888-3784-0b1b-fae8bc84c5c1
series_b,2007-06-12,10000000.0,0.0,3.0,388b2b24-dadf-3736-6f6b-b335d3a8ac1b
series_b,2007-06-11,15000000.0,0.0,4.0,784b456a-e6db-2fb4-a1dd-eaeb17218c7e
angel,2006-12-01,300000.0,0.0,0.0,81952d75-8b48-8b4f-7916-91fa844a28f5
series_b,2007-04-01,10000000.0,0.0,2.0,d215c17e-5be2-ddf2-2ed8-25ce3ceaa9f6
series_b,2007-06-01,10000000.0,0.0,3.0,22ed8f88-ff5b-9deb-0d61-19fe93722681
series_a,2007-07-01,0.0,0.0,1.0,b6d0e281-cb4b-2cbb-bbfc-7ea15aec8c21
seed,2007-07-01,1000000.0,0.0,2.0,f3b8d5b6-8711-ad69-f0c6-d5fb2eb563d2
series_a,2007-07-01,1000000.0,0.0,1.0,eb6ee1ba-606f-f8f7-38f0-07c43c00333a
angel,2007-07-01,0.0,0.0,0.0,c7b79c3d-cb65-9841-0c46-ae6220be87a4
series_a,2007-07-01,3000000.0,0.0,6.0,d279e2f8-6980-05e3-d77c-353ecd59d6e4
series_b,2009-03-16,3500000.0,0.0,2.0,26374c80-2323-629a-7fd0-d7a69236e510
angel,2007-04-01,300000.0,0.0,0.0,2574e799-a0e6-1594-6af3-b0f9a3564a61
series_d,2007-09-01,15000000.0,0.0,5.0,95b566c0-b31a-4586-23f8-5eee072ea621
seed,2007-09-01,0.0,0.0,4.0,2e0914df-d565-6056-c42f-9c01ce48472d
seed,2007-01-01,0.0,0.0,2.0,2e0914df-d565-6056-c42f-9c01ce48472d
series_a,2004-11-01,0.0,0.0,6.0,bc1cb118-daf1-29a3-3caa-af1fbe08cbcf
series_b,2005-06-01,0.0,0.0,6.0,bc1cb118-daf1-29a3-3caa-af1fbe08cbcf
angel,2006-08-01,1500000.0,0.0,1.0,d74da2ec-cd9c-b12b-d351-01a0444aaeee
series_a,2007-03-28,2000000.0,0.0,1.0,7725980b-f1b5-6923-8b52-e495f50afb68
seed,2007-07-01,600000.0,0.0,2.0,97b3d616-9955-41a1-8ad6-d6f9696ae19c
seed,2006-01-01,0.0,0.0,1.0,e3cef985-af11-2b97-0822-aef32ff6474b
series_a,2007-01-01,0.0,0.0,1.0,4a9e55ad-3278-6350-eff8-cc7b7b38dcd9
seed,2006-04-01,0.0,0.0,8.0,4a9e55ad-3278-6350-eff8-cc7b7b38dcd9
series_b,2007-08-01,16600000.0,0.0,3.0,856c4ff6-88cf-337f-7fac-6eba2b14a3d5
series_a,2007-07-01,5000000.0,0.0,4.0,4e42856c-fc1f-0f46-a8ce-13108bf2aa7b
series_a,2007-07-26,1000000.0,0.0,1.0,c34400a5-2e95-14d8-fbdb-f8e4bb8e7d65
series_b,2007-09-01,8800000.0,0.0,4.0,8bb63939-c2f7-4619-b78b-64413c516a5d
series_a,2007-03-01,8000000.0,0.0,3.0,cd589737-edd9-e4d4-8cce-118460d25fc0
series_a,2006-03-01,3000000.0,0.0,1.0,b2995b09-230b-460e-ee0e-cf8c8ad2cd18
series_b,2006-04-01,5000000.0,0.0,1.0,b2995b09-230b-460e-ee0e-cf8c8ad2cd18
series_b,2007-09-01,15050000.0,0.0,3.0,678fba1e-90af-eb84-8a13-a8f1512d88d5
series_c,2007-09-01,25000000.0,0.0,3.0,9d5c63e6-8520-666d-99b3-95dba581a955
series_b,2007-01-01,9500000.0,0.0,2.0,9d5c63e6-8520-666d-99b3-95dba581a955
series_a,2006-09-26,3000000.0,0.0,1.0,9d5c63e6-8520-666d-99b3-95dba581a955
series_a,2006-04-25,6000000.0,0.0,3.0,17f0e76e-ad8d-09b2-7f7c-3db8bfbac85d
series_b,2006-09-27,8000000.0,0.0,3.0,17f0e76e-ad8d-09b2-7f7c-3db8bfbac85d
seed,2007-09-01,1300000.0,0.0,6.0,995b93e5-6dd9-64a7-aecd-1dd899268dfd
seed,2007-09-01,500000.0,0.0,1.0,7d4ec8f1-afbe-bced-8746-99e2f073f302
series_b,2007-03-06,22000000.0,0.0,5.0,aedd48c0-eebc-1b4b-f7b6-c11084959058
series_a,2006-04-01,10000000.0,0.0,2.0,aedd48c0-eebc-1b4b-f7b6-c11084959058
angel,2007-01-01,0.0,0.0,0.0,fa470d4d-49aa-3b7b-2118-e015280705bf
series_a,2006-03-01,7500000.0,0.0,0.0,6a56c971-5c58-4b22-6efe-36baca0bfe44
series_b,2006-12-01,40000000.0,0.0,1.0,6a56c971-5c58-4b22-6efe-36baca0bfe44
series_a,2002-01-01,4200000.0,0.0,2.0,875b4a53-f4cd-b903-6024-9f39cb4f5c5c
series_b,2006-07-01,25000000.0,0.0,1.0,00e435dd-f616-27b3-9128-58fb909d04b4
series_a,2005-10-01,32000000.0,0.0,2.0,00e435dd-f616-27b3-9128-58fb909d04b4
series_c,2007-09-01,30000000.0,350000000.0,4.0,00e435dd-f616-27b3-9128-58fb909d04b4
series_a,2007-10-16,4700000.0,0.0,8.0,b9b11b3d-3974-c7f9-4a91-e5719bc4bbb7
series_d,2007-09-20,3500000.0,0.0,6.0,ac32bb92-c70a-d1de-3703-e285c46ecdb5
series_a,2007-09-01,1100000.0,7850000.0,2.0,5421bcc8-6e4a-9251-72bc-982f5992589d
series_b,2006-09-01,15000000.0,0.0,1.0,1eb828c4-af27-6967-4508-5ccffc69a863
series_a,2007-09-01,10000000.0,0.0,2.0,c5f329e8-595d-b111-a57d-c8441b0839e0
series_a,2007-09-01,6750000.0,0.0,1.0,ad45f2e9-ebe4-aaff-3556-8457e2427153
series_a,2007-09-01,12000000.0,0.0,2.0,d74b607f-0a61-4baa-2d49-b2f68309069e
series_a,2005-05-01,1900000.0,0.0,3.0,03030d51-f7e2-b330-8d5c-1bb770230650
series_b,2007-09-01,12000000.0,0.0,2.0,c25bd4ad-ca69-a28e-c718-00aa668947d2
series_a,2007-09-23,1500000.0,0.0,6.0,22ee73f2-b650-70b3-3a7b-75023da7a869
angel,2006-01-01,429861.0,0.0,1.0,eb6ee1ba-606f-f8f7-38f0-07c43c00333a
series_a,2007-07-01,4000000.0,0.0,3.0,09cc8f68-f1f8-4871-5b12-5c6a783f26b5
series_a,2007-09-01,6500000.0,0.0,4.0,6c416005-8be8-9aff-c02d-ff0249e9ef62
series_b,2006-04-01,10000000.0,0.0,3.0,a21fd3fa-c9c5-be84-f26c-e1d78939ae6c
series_b,2007-09-01,12400000.0,0.0,4.0,a21fd3fa-c9c5-be84-f26c-e1d78939ae6c
series_a,2007-09-24,440000.0,0.0,8.0,9d92578e-a7df-6e08-296f-4f0be4191339
angel,2007-09-24,250000.0,0.0,0.0,923d8660-52ba-0fce-2943-152c893967f0
series_a,2006-09-01,0.0,0.0,1.0,f9e299c3-c7a7-bbbe-b67b-cd5a82274d35
series_a,2006-10-04,6000000.0,0.0,2.0,ade2e53a-0f13-ee8d-69c4-f1c919bc90f2
series_a,2007-09-01,5000000.0,0.0,3.0,d8f53718-45b7-b209-650c-45221dac1cde
series_a,2007-01-01,10000000.0,0.0,4.0,415e7c20-a167-fef5-98c9-b3e7476cc422
series_a,2007-01-01,0.0,0.0,1.0,4280b6e2-b02e-c36c-ee81-1d134a9cbc9c
angel,2007-09-01,4099307.0,0.0,1.0,570670d4-b22d-48f4-9072-d920aaad14a8
series_c,2006-04-01,14500000.0,0.0,6.0,7b6d89bc-d6fc-7edf-bda0-3f16c20f7fea
series_e,2007-09-01,20029000.0,0.0,6.0,9921555e-1f0c-9404-6e89-24bc1641085b
series_a,2007-10-01,2500000.0,0.0,1.0,043a4d96-700c-4994-77e4-5fcddd8a0603
angel,2007-07-01,3000000.0,0.0,7.0,36d7050e-7da6-6179-b399-42cf35b1d811
angel,2007-01-01,2000000.0,0.0,0.0,2ddd9675-d03d-d344-68b0-82f97ecb3bfd
series_a,1999-01-01,3000000.0,0.0,2.0,26cc5bc7-bb3b-3324-2fd1-4ffd804ff752
undisclosed,2007-01-01,0.0,0.0,0.0,cb26913d-2f40-3e59-7db1-6c3d171fa5f2
series_a,2007-10-01,900000.0,0.0,7.0,e34c1bbd-3254-b708-4fcc-2c3887ab463f
series_a,2007-10-01,4000000.0,0.0,2.0,2945c847-263c-0410-d227-691ce6292099
debt_financing,2007-10-01,1000000.0,0.0,1.0,2945c847-263c-0410-d227-691ce6292099
series_a,2007-05-01,650000.0,0.0,1.0,47c6e2fc-68e8-0a76-8082-bb5bf24da601
series_a,2007-01-01,0.0,0.0,1.0,5e06c72b-83b9-529c-4786-fcd50d796294
series_b,2007-10-01,8000000.0,0.0,1.0,5e06c72b-83b9-529c-4786-fcd50d796294
series_c,2006-08-01,10000000.0,0.0,4.0,2a5fa1db-4075-04fb-d76c-372158a3a2c8
series_a,2007-10-05,300000.0,0.0,8.0,1321649b-74c2-76eb-fc01-2f38ffcdf9ff
series_a,2007-10-03,8953320.0,0.0,6.0,f93d65c7-11da-f085-0bdd-d54510f77a41
series_b,2007-10-01,9000000.0,0.0,4.0,bbc4867e-2cd9-ba2e-6443-b3a28b6cce75
series_a,2007-03-05,7000000.0,0.0,3.0,bbc4867e-2cd9-ba2e-6443-b3a28b6cce75
seed,2006-10-01,325000.0,0.0,1.0,b9b11b3d-3974-c7f9-4a91-e5719bc4bbb7
series_a,2007-10-01,2550000.0,0.0,1.0,fb394c65-a6db-a280-a0e9-91cb77c7a6b2
series_c,2007-10-01,23000000.0,0.0,3.0,9e691d73-e87b-27e4-1635-ea51540b0b28
series_b,1999-09-01,33200000.0,0.0,5.0,bddde3d0-8294-85c0-e521-7698ab21737a
series_a,2008-03-12,4000000.0,0.0,1.0,caa1bd06-aaa5-82df-0a8e-37e7f58c48d4
series_b,2006-10-01,12000000.0,0.0,2.0,cb7ddf53-f0ff-438b-9535-18a37e4fd66e
series_a,2007-10-01,12500000.0,0.0,7.0,3914e73c-d3e1-3b82-f482-b40e0e6bf946
seed,2007-01-01,4300000.0,0.0,8.0,3914e73c-d3e1-3b82-f482-b40e0e6bf946
series_a,2007-10-22,3500000.0,0.0,2.0,c39b1a6a-8237-1069-4621-df1c010be6e4
series_a,2005-05-20,2050000.0,0.0,2.0,cb7ddf53-f0ff-438b-9535-18a37e4fd66e
series_a,2005-10-12,1100000.0,0.0,6.0,190202d8-f1ac-b380-d224-589e9ad79848
debt_financing,2008-10-13,2500000.0,0.0,1.0,cb7ddf53-f0ff-438b-9535-18a37e4fd66e
angel,2005-10-01,800000.0,0.0,5.0,4e3c0b44-3332-aaa8-933a-55ce77ce23d8
series_a,2007-02-01,2600000.0,0.0,7.0,4e3c0b44-3332-aaa8-933a-55ce77ce23d8
series_a,2007-10-18,3500000.0,0.0,4.0,7d4ec8f1-afbe-bced-8746-99e2f073f302
series_a,2006-04-01,5000000.0,0.0,4.0,7be55e4d-614a-c358-99b0-bbf0b21c9ce6
series_a,2006-01-01,10000000.0,0.0,3.0,7000ca1b-6d14-6a72-3a72-24551e2c003e
series_b,2007-02-12,25000000.0,0.0,7.0,7000ca1b-6d14-6a72-3a72-24551e2c003e
series_a,2007-10-31,750000.0,0.0,5.0,9f1be266-fd44-e9a5-6215-c8fc40626a2a
seed,2005-01-01,2000000.0,0.0,6.0,b07f3c20-ea15-9a59-fdf2-83f6d2e9120e
series_a,2007-03-26,4000000.0,0.0,3.0,b07f3c20-ea15-9a59-fdf2-83f6d2e9120e
debt_financing,2007-10-23,400000.0,0.0,1.0,6febb010-e6f0-a6c4-2283-44e954980ba0
series_a,2005-10-01,2500000.0,0.0,1.0,79ee09de-d880-0f35-6b2f-820ec3871f42
series_b,2007-10-01,6000000.0,0.0,1.0,79ee09de-d880-0f35-6b2f-820ec3871f42
series_a,2007-10-01,1300000.0,0.0,0.0,9a2d2bde-f43a-31a8-fe42-daf3baf03847
series_a,2007-10-23,0.0,0.0,1.0,446951aa-532c-9d8b-6141-4fbb3cf2d621
series_c,2007-10-24,240000000.0,15000000000.0,1.0,df662812-7f97-0b43-9d3e-12f64f504fbb
series_a,2007-02-20,3100000.0,0.0,6.0,d8ba5443-8ae5-8afd-5595-7681f658b877
series_b,2007-10-01,3000000.0,0.0,1.0,e7c232eb-11a1-3e52-ae15-089f17a3b085
series_a,2006-06-23,6400000.0,0.0,1.0,e7c232eb-11a1-3e52-ae15-089f17a3b085
series_a,2006-08-01,20000000.0,0.0,1.0,27ad1cc9-1fd9-4028-8db8-428cda6968a5
series_a,2006-04-01,3000000.0,0.0,2.0,7fc8c67a-0e97-7d7d-4903-80605c9450fb
series_b,2007-10-01,30000000.0,0.0,2.0,bcc07057-aa37-ad3c-7e12-bb43bc8f80d1
series_a,2007-10-01,4000000.0,0.0,1.0,c570e906-6714-8687-caf3-dca5367a9469
seed,2007-10-10,1000000.0,0.0,2.0,7a2cb8de-1879-3da6-cc17-fd30c481c0b7
seed,2007-10-03,0.0,0.0,2.0,29652e3d-09bd-1e15-f3c6-4848d49f68e3
angel,2006-01-01,750000.0,0.0,2.0,746066b7-d244-6ea0-fcd2-fbef44cd722a
series_c,2006-02-01,18500000.0,0.0,4.0,59949674-f82c-c39d-d5ae-f28bc5765571
series_b,2007-10-01,16000000.0,0.0,3.0,ed9b3799-f05c-ba47-2b09-3e6206da2f07
seed,2006-02-01,3500000.0,0.0,1.0,ed9b3799-f05c-ba47-2b09-3e6206da2f07
series_a,2006-08-01,1000000.0,0.0,2.0,c3005aee-26a2-05f0-5e22-775c79fbbbba
series_c,2007-10-01,3000000.0,0.0,2.0,e9957152-aad4-f068-c1ac-04ec10911a3c
series_a,2007-10-01,0.0,0.0,1.0,09da4663-f10c-509f-baa2-1e98e47b0ee8
seed,2008-10-01,70311.0,0.0,1.0,8976a143-4c12-516b-0d55-b36b02277d06
series_a,2006-12-01,8000000.0,0.0,2.0,9d4e30fe-a09f-8c66-7a48-91ab57a33fd9
series_a,2005-06-01,2000000.0,0.0,1.0,e9957152-aad4-f068-c1ac-04ec10911a3c
series_b,2006-02-01,4000000.0,0.0,2.0,e9957152-aad4-f068-c1ac-04ec10911a3c
series_e,2007-10-31,2500000.0,0.0,1.0,a126e1d4-6a80-dfbe-73c3-4dfd8e1c903d
series_a,2007-10-01,9500000.0,0.0,3.0,5744e5dd-f862-d0fb-f53b-050508d02b5f
pre_seed,2007-06-01,15000.0,0.0,2.0,e34d52e5-a2d9-ab94-f015-a38925afa351
series_d,2007-10-01,14400000.0,0.0,2.0,494cd4d3-b60d-494d-4181-50eb1fb84156
series_b,2007-10-01,6000000.0,0.0,2.0,290cf5aa-6096-1d2b-33ac-f01714df5917
series_b,2007-10-01,4500000.0,0.0,1.0,a39a51ae-e485-0488-7b87-e72cef2a6000
angel,2007-05-01,1000000.0,6000000.0,7.0,c1e6cf33-362f-a925-7463-a7955ebe0164
series_a,2005-03-01,4000000.0,0.0,3.0,993fb694-143b-b390-6741-182f56f999b4
series_b,2007-04-01,10750000.0,0.0,3.0,993fb694-143b-b390-6741-182f56f999b4
series_a,2007-11-01,5000000.0,0.0,1.0,2574e799-a0e6-1594-6af3-b0f9a3564a61
series_a,2006-06-01,10000000.0,0.0,2.0,7ec9944e-080a-0d71-5fef-2b5da6c1cc9b
series_b,2007-11-01,100000000.0,0.0,1.0,7ec9944e-080a-0d71-5fef-2b5da6c1cc9b
series_a,2004-03-01,5000000.0,0.0,2.0,fc8e5134-83c4-9036-dc15-f86180526037
seed,2007-10-01,2000000.0,0.0,2.0,d6076360-2037-88c7-026b-f4dc6385d93b
series_a,2007-05-03,1000000.0,0.0,1.0,9574015f-3d29-282c-8184-0cc2906baf78
series_a,2007-10-01,1000000.0,0.0,1.0,cc4fef42-b002-e416-1601-771399ba008e
seed,2007-06-01,0.0,0.0,1.0,27d01641-3631-8836-64da-b3148580c4df
series_a,2007-02-01,3000000.0,0.0,1.0,f69a4123-e1f7-1609-c870-1f1c2e30b011
series_b,2007-09-01,8200000.0,0.0,3.0,f69a4123-e1f7-1609-c870-1f1c2e30b011
series_b,2007-10-01,10000000.0,0.0,3.0,fdb09d02-98e6-27cd-c079-9792ecf62c07
seed,2006-05-01,2200000.0,0.0,2.0,fdb09d02-98e6-27cd-c079-9792ecf62c07
series_b,2007-10-01,16500000.0,0.0,2.0,0fdeceab-1fdb-a7f5-93ac-b4a4094b49de
series_a,2006-11-01,7400000.0,0.0,3.0,3703d342-8a9f-b658-cd3e-346a4a3474f9
seed,2007-06-01,0.0,0.0,1.0,ecc5ad9d-2963-87e0-30c2-d55b4f5d196d
series_c,2006-06-01,15500000.0,0.0,3.0,86fe58be-a7b7-e2eb-eed6-ba41cc00d421
series_b,2004-07-01,12000000.0,0.0,1.0,86fe58be-a7b7-e2eb-eed6-ba41cc00d421
seed,2003-06-01,4200000.0,0.0,0.0,86fe58be-a7b7-e2eb-eed6-ba41cc00d421
series_a,2007-02-01,3515616.0,0.0,1.0,fa501dd0-4652-ca5a-a448-98ad477f622d
series_a,2006-01-28,2000000.0,0.0,6.0,bee684d4-a1f6-9db3-e21e-349248e221f0
series_a,2007-01-01,588531.0,0.0,3.0,9b5ddfaf-75d7-95c8-f402-47f6e4f75af6
series_a,2000-03-02,1500000.0,0.0,0.0,aeec75a9-d7a3-71e6-94ff-4e5ce16b4d0d
series_a,2008-02-05,1000000.0,0.0,1.0,b2fa2b35-cd65-a5f9-aa4c-00964ee14e8a
angel,2007-10-31,3150000.0,0.0,0.0,3b6ccb2a-9c92-7bd7-0672-69c61941dd05
angel,2007-10-01,1500000.0,0.0,2.0,15604c93-e228-126c-0ca3-86fedbfd5ee1
angel,2008-02-01,2200000.0,0.0,1.0,b8c67517-993e-cd5e-c0fd-4b2eed0c3b49
angel,2007-01-01,6500000.0,0.0,1.0,a5537922-bc02-b728-7bba-85458daf0e3a
series_a,2007-07-01,1250000.0,0.0,1.0,5873dda9-89ca-99e1-0978-f8b5c76d81af
series_a,2005-10-01,5250000.0,0.0,2.0,e1393508-30ea-8a36-3f96-dd3226033abd
series_b,2007-01-01,9500000.0,0.0,3.0,e1393508-30ea-8a36-3f96-dd3226033abd
angel,2004-01-01,1500000.0,0.0,3.0,a89d68fc-2e46-8f52-64cb-8ea13fcb5546
series_b,2006-09-01,12800000.0,0.0,2.0,9e691d73-e87b-27e4-1635-ea51540b0b28
seed,2007-09-01,1211419.0,0.0,1.0,99ce389b-5bee-c7e6-d14e-894f7d975325
series_a,2007-06-01,1000000.0,0.0,2.0,b3cb1494-6851-3df4-2c11-4fb1f70c226c
series_a,2006-03-01,600000.0,0.0,0.0,07a1c73f-d680-ed56-38ce-d97a43096314
series_b,2007-02-01,1900000.0,0.0,1.0,07a1c73f-d680-ed56-38ce-d97a43096314
series_a,2004-12-16,7500000.0,0.0,2.0,d4b5741a-4d57-728c-d3b1-7bf25c312c88
series_b,2007-10-16,5800000.0,0.0,3.0,d4b5741a-4d57-728c-d3b1-7bf25c312c88
series_a,2006-06-05,4300000.0,0.0,4.0,480249a0-1501-9e89-4e93-94425e34ef7b
seed,2006-12-01,600000.0,0.0,2.0,57cb273a-f979-292e-f7a4-3eb93c072912
series_a,2007-08-01,3000000.0,0.0,1.0,57cb273a-f979-292e-f7a4-3eb93c072912
series_c,2007-08-01,10000000.0,0.0,5.0,74a46c3d-d820-428a-22d9-4a06bbb033c9
series_a,2007-12-01,5000000.0,0.0,2.0,b04f6634-a9f2-868d-d26a-fde29ab6a7a9
series_a,2007-08-01,4800000.0,0.0,2.0,78882624-aa5c-def8-a94f-9560b586315f
seed,2007-08-01,0.0,0.0,0.0,8d2cf8ca-40bf-c622-48fd-842c17d77c97
series_a,2007-08-01,0.0,0.0,3.0,84f0ac56-a1d6-776f-c678-85e1250d9746
angel,2007-08-01,100000.0,0.0,2.0,b59aa0f7-0ec9-be94-751d-22f56f482390
series_d,2007-08-01,11000000.0,0.0,5.0,a42477cc-6b47-c57f-e84b-959823cd3533
angel,2007-08-01,0.0,0.0,2.0,8a43d370-9c42-234a-db52-fd9e58d8a927
angel,2007-09-01,900000.0,0.0,3.0,ce073dde-3d5a-4952-c6a2-1039df71d081
angel,2007-09-01,0.0,0.0,0.0,64beab4f-4a98-4374-f31c-cc0396f51ef9
series_b,2007-09-01,948000.0,0.0,2.0,2eadc422-ef94-6e5a-cdf2-c95e354456d3
angel,2007-09-01,1000000.0,0.0,1.0,fa23e41f-12a9-6bd8-93fd-4362ce2d3d58
series_a,2007-09-01,6100000.0,0.0,1.0,7a1c419a-99b5-4da5-5c0a-4ed1ed268bdd
series_a,2007-09-01,6000000.0,0.0,2.0,22182a17-da49-123e-cb30-0889ecfcbb88
series_b,2008-03-01,15000000.0,0.0,3.0,2fcb5978-8f30-563e-eb74-d0aa35138a6e
seed,2007-09-01,1000000.0,0.0,1.0,918be212-b591-bc78-d2d7-4b8aeec84bd4
series_b,2008-10-29,7000000.0,0.0,8.0,89ea3dab-6e0d-84de-c2a4-28a26986e7d7
seed,2007-06-27,0.0,0.0,1.0,a3c30a70-433c-1f41-8486-d56a861fd834
series_a,2005-11-23,5000000.0,0.0,2.0,d1ae179a-f882-6e2b-862b-e8a474f2383e
series_b,2007-07-23,12000000.0,0.0,2.0,d1ae179a-f882-6e2b-862b-e8a474f2383e
series_c,2007-05-01,10000000.0,0.0,3.0,6a4a2e74-0801-24b7-d755-881b07025f17
series_a,2007-10-01,3000000.0,0.0,0.0,a9cd029a-608f-46db-b669-c4a04ff35914
seed,2007-10-01,800000.0,0.0,1.0,3440275d-ff6b-ced8-ea69-ef31d84063ef
seed,2007-10-01,750000.0,0.0,0.0,03e76066-0dc7-8638-f69a-268a068c8a49
angel,2007-02-01,900000.0,0.0,9.0,f2c7e94d-2fbf-12d6-5f23-9b0120123988
angel,2007-10-01,1500000.0,0.0,7.0,f2c7e94d-2fbf-12d6-5f23-9b0120123988
series_a,2005-03-25,17000000.0,0.0,3.0,37c8f331-ca57-9c82-d1d9-de63868d2eab
series_b,2007-10-01,6120000.0,0.0,4.0,a814229a-77ab-e936-8df1-541328f73ad0
series_a,2006-04-01,5000000.0,0.0,1.0,a814229a-77ab-e936-8df1-541328f73ad0
series_a,2007-10-14,0.0,0.0,3.0,ef9a338b-aad9-d4d3-4c08-a89272988746
series_a,2007-02-21,2800000.0,0.0,2.0,62179fd3-5583-258c-a4c5-fa0c9b1caa27
series_unknown,2006-03-20,48000000.0,0.0,1.0,681922e2-e2d2-563e-bdf2-271becff6207
angel,2007-10-01,1000000.0,0.0,3.0,eb48dd26-5f40-12fd-5991-b1715a7dadf7
series_unknown,2005-04-05,7750000.0,0.0,1.0,2b8bde44-62f9-d833-cf15-40b7360e9440
series_b,2007-10-01,12000000.0,0.0,5.0,090c0675-a8b2-f963-127b-ef4f31ddc7fe
series_a,2009-08-01,0.0,0.0,2.0,6ef61ca0-6b72-7d5f-0a5a-6ae0a5fedbbd
series_b,2007-11-01,25000000.0,0.0,6.0,e5893e6d-bca9-b25a-f6e9-3df946bdae91
series_a,2006-11-01,6000000.0,0.0,1.0,e5893e6d-bca9-b25a-f6e9-3df946bdae91
seed,2006-07-04,4000000.0,0.0,1.0,e5893e6d-bca9-b25a-f6e9-3df946bdae91
series_b,2005-10-01,8000000.0,0.0,3.0,047703f6-cd3e-9e6b-2fec-8dee1c8512f3
series_a,2005-03-01,2000000.0,0.0,2.0,047703f6-cd3e-9e6b-2fec-8dee1c8512f3
series_a,2006-11-01,4000000.0,0.0,3.0,c083081b-5dba-f7a4-8191-21934bcc74dc
series_b,2007-11-01,12000000.0,0.0,3.0,c083081b-5dba-f7a4-8191-21934bcc74dc
series_b,2007-10-01,12000000.0,0.0,3.0,35c99bab-7b68-7ebf-b28c-0d64132a2489
series_a,2007-06-01,7000000.0,0.0,8.0,92cb48e5-d4f1-ff16-7727-3dac89de9abb
series_a,2005-09-19,6000000.0,0.0,3.0,b4f93e51-827f-15d6-5dc3-eb3abf55a740
series_b,2007-11-01,7800000.0,0.0,3.0,b4f93e51-827f-15d6-5dc3-eb3abf55a740
seed,2007-11-01,1054931.0,0.0,1.0,0a62b12b-a910-331d-ab72-30e395780843
angel,2007-08-01,310000.0,0.0,0.0,b2940b68-3e4a-b6bc-6764-3d18228f1dda
series_a,2005-01-26,5000000.0,0.0,2.0,5f3805cd-44e5-4a88-0ad9-0bd399726830
series_b,2006-06-22,8000000.0,0.0,3.0,5f3805cd-44e5-4a88-0ad9-0bd399726830
series_c,2008-07-23,5000000.0,0.0,4.0,5f3805cd-44e5-4a88-0ad9-0bd399726830
series_a,2007-02-07,11300000.0,0.0,2.0,c17552e0-8814-362c-6c1c-78d25878252e
series_b,2007-10-01,34000000.0,0.0,3.0,c17552e0-8814-362c-6c1c-78d25878252e
series_a,2006-12-01,5000000.0,0.0,2.0,efda6552-b5f9-3be4-c20a-53c588dbce9b
series_b,2007-10-01,16000000.0,0.0,3.0,efda6552-b5f9-3be4-c20a-53c588dbce9b
series_a,2007-10-01,3200000.0,0.0,1.0,08990e12-8c9c-fea5-9132-13e529715fc7
series_b,2007-11-01,7000000.0,0.0,4.0,a5dc05e2-cc07-4255-ede9-d617f85b3f50
series_a,2006-04-01,4000000.0,0.0,3.0,a5dc05e2-cc07-4255-ede9-d617f85b3f50
angel,2007-04-23,750000.0,0.0,2.0,0131c0b9-f013-50f6-e33e-7d0067e80f71
series_d,2007-10-01,300000000.0,1200000000.0,1.0,ba83ed1d-efd1-8e9c-910b-aca4c13f81b2
series_b,2000-01-27,37000000.0,0.0,2.0,09fc313a-05e1-53b9-7e83-54463555aa81
series_a,2007-09-01,6000000.0,0.0,2.0,f6d81c22-5682-702c-2ea4-10652265078a
series_a,2007-09-01,13100000.0,0.0,2.0,fff960de-b6f7-e235-da0a-939eec65a459
seed,2007-10-14,20000.0,0.0,1.0,71bd10b9-0c85-445c-da1f-f914e35f620c
angel,2007-03-09,400000.0,0.0,3.0,39f1ccfb-cba5-8f4c-a75d-48fcbed57dd7
series_a,2007-11-01,1500000.0,0.0,1.0,d490a381-81fd-7298-66ea-6de8940d4e58
series_a,2006-10-01,2000000.0,0.0,1.0,51a37df4-2049-13df-4e08-c1cad2bc292b
series_a,2007-02-01,2000000.0,0.0,1.0,9f3ea863-61bb-da61-30bf-96dfa39d9608
series_b,2007-09-01,10000000.0,0.0,3.0,9f3ea863-61bb-da61-30bf-96dfa39d9608
series_a,2007-09-01,3000000.0,0.0,3.0,7a705767-669a-9342-ad65-f599463cdba6
series_a,2006-08-01,5000000.0,0.0,3.0,e6b07abf-8839-f1ca-759f-2759dc9a501f
series_b,2007-09-01,5000000.0,0.0,3.0,e6b07abf-8839-f1ca-759f-2759dc9a501f
series_a,2007-07-01,11150000.0,0.0,1.0,58127590-464c-9e56-6320-ebf84b73c599
series_b,2007-09-01,19000000.0,0.0,2.0,58127590-464c-9e56-6320-ebf84b73c599
series_a,2005-01-01,7500000.0,0.0,2.0,2fcb5978-8f30-563e-eb74-d0aa35138a6e
series_b,2007-09-01,50000000.0,0.0,5.0,4730b2a0-c505-f32e-2aba-d4cea2a63be1
series_a,2007-11-01,50000000.0,0.0,1.0,5df6506d-aabe-b5d3-15ee-3ab9d1099e7a
series_a,2006-01-01,35446873.0,0.0,1.0,6cbef050-c9c1-20b4-ed1f-7e0715ec2ef3
series_a,2005-09-01,2100000.0,0.0,4.0,6a4a2e74-0801-24b7-d755-881b07025f17
seed,2006-09-11,350000.0,0.0,0.0,6280f7ac-9b82-a20c-6afc-9c950ccbbe3c
series_a,2007-11-01,5000000.0,0.0,1.0,24c4cd2d-cde2-126f-5380-9a0cb03e8c50
seed,2007-10-01,500000.0,0.0,3.0,968f3508-fdb9-9f50-5e80-a277c68386ea
series_a,2007-10-01,0.0,0.0,2.0,1ecf2a38-4eee-f3e6-1beb-ca29ae956dce
series_a,2007-08-01,2100000.0,0.0,4.0,1e3af34f-5621-1508-8d38-323fc7faa6e0
series_c,2007-10-01,4200000.0,0.0,4.0,e2c90095-08b1-aa93-8758-b6bfd2ce49c0
angel,2007-10-01,1500000.0,0.0,0.0,b572d9e0-1e33-6a17-d573-583ce07e8843
series_a,2007-10-01,5000000.0,0.0,3.0,53007e8c-a1b2-9166-3f90-61bc15a482c6
seed,2007-10-01,0.0,0.0,0.0,84f69b13-9740-8ec0-10b0-97f43f37f0cc
angel,2007-11-01,0.0,0.0,1.0,5b3306fc-a576-20b0-c73b-34c519d58a06
angel,2007-11-01,0.0,0.0,2.0,ef5a06f8-b271-aeff-5ef7-5264aa5fe833
seed,2007-05-01,0.0,0.0,0.0,755a57d2-0ee5-83ce-0938-c9782e5f02a7
series_b,2007-07-01,12000000.0,0.0,1.0,736d2da1-9e57-1490-538e-06237dce23f6
series_a,2006-08-01,2350000.0,0.0,0.0,736d2da1-9e57-1490-538e-06237dce23f6
debt_financing,2007-06-01,0.0,0.0,0.0,74a8b069-623c-ec5f-3aa0-9bae7cbcfe3e
series_a,2004-07-15,7000000.0,0.0,5.0,6861db1b-f498-4936-701b-9aa4bc65809e
debt_financing,2007-11-01,800000.0,0.0,0.0,4af88af6-e0d2-e24f-10c4-0238dd68ebae
series_b,2007-11-01,0.0,0.0,1.0,c3005aee-26a2-05f0-5e22-775c79fbbbba
series_a,2007-11-01,350000.0,0.0,1.0,9e6bfa06-ff53-030a-d1b4-844549ccc53f
series_c,2007-11-01,9500000.0,0.0,2.0,200f1b82-93c9-7b1a-c0ed-37d6fda3199f
series_b,2007-10-28,6200000.0,0.0,1.0,da7e8bcb-d62f-3a29-ce67-8b3cfc34e498
series_a,2005-09-01,3000000.0,0.0,1.0,da7e8bcb-d62f-3a29-ce67-8b3cfc34e498
series_a,2007-11-20,3000000.0,0.0,4.0,d279e2f8-6980-05e3-d77c-353ecd59d6e4
series_a,2007-11-01,5000000.0,0.0,1.0,888b831b-32c5-27b9-c856-6e95368fa07f
series_a,2007-09-01,1500000.0,0.0,1.0,746066b7-d244-6ea0-fcd2-fbef44cd722a
series_a,2004-12-01,5000000.0,0.0,1.0,837ad05a-425e-95ef-ac60-883f89524b2b
series_b,2006-01-01,10000000.0,0.0,1.0,837ad05a-425e-95ef-ac60-883f89524b2b
series_c,2007-09-01,25000000.0,120000000.0,4.0,837ad05a-425e-95ef-ac60-883f89524b2b
series_c,2007-08-01,30000000.0,0.0,2.0,a5c6b05c-e4ed-74b2-49f6-06611a0350a3
series_b,2007-08-01,15600000.0,0.0,3.0,470b236f-2092-9715-e517-82c4f2574547
series_d,2008-02-01,65000000.0,0.0,6.0,57267573-e339-efe8-8d23-b9c3783d091e
series_a,2000-01-01,6500000.0,0.0,1.0,f18845a1-e387-9f47-9c9e-985ceb876ed4
series_c,2007-11-01,25000000.0,0.0,4.0,032f9d81-8461-de44-3c3b-374e5af1ac10
series_b,2006-12-12,12000000.0,0.0,4.0,032f9d81-8461-de44-3c3b-374e5af1ac10
series_a,2006-03-01,3000000.0,0.0,1.0,032f9d81-8461-de44-3c3b-374e5af1ac10
series_a,2007-06-01,3000000.0,0.0,1.0,71f9971c-742d-62a8-3401-c3cd2179e8ad
series_b,2007-11-01,3000000.0,0.0,1.0,71f9971c-742d-62a8-3401-c3cd2179e8ad
series_a,2007-11-21,0.0,0.0,1.0,73971635-f1d0-4c33-e193-73874c3985b8
series_c,2007-11-01,2500000.0,0.0,1.0,7aedd19b-c5ee-df45-45bd-4fe86dee3526
series_a,2007-01-16,9600000.0,0.0,3.0,49314989-6b57-0e1c-1f6e-412fef13e28d
series_a,2007-11-20,2500000.0,0.0,4.0,49314989-6b57-0e1c-1f6e-412fef13e28d
series_a,2007-11-01,6857054.0,0.0,3.0,b4546336-e9e7-bf0b-7f18-27db91448642
angel,2006-12-01,1300000.0,0.0,0.0,798dbdc6-d9e4-7db9-59e5-41bcada58972
seed,2006-01-01,0.0,0.0,1.0,d0d44256-6168-3c15-7cea-ee03c6e4010c
series_b,2007-11-01,0.0,0.0,0.0,1aab90e9-e110-dfdc-7d0f-bcd10b66ddb7
series_a,1999-01-01,300000.0,0.0,3.0,99e2c1a3-b4d8-720c-8180-b905d398b0b6
series_b,1999-04-01,1360000.0,0.0,4.0,99e2c1a3-b4d8-720c-8180-b905d398b0b6
series_c,1999-09-01,2750000.0,0.0,3.0,99e2c1a3-b4d8-720c-8180-b905d398b0b6
series_d,2000-05-01,28000000.0,0.0,3.0,99e2c1a3-b4d8-720c-8180-b905d398b0b6
series_a,2007-11-01,750000.0,0.0,5.0,81b90a49-f365-6529-ad55-9253a68731d4
series_a,2008-04-03,17000000.0,0.0,2.0,34c14bd5-5cc2-5685-5511-309a40e3dd4f
series_a,2007-01-01,1700000.0,0.0,6.0,ca17699b-2f49-91f4-5863-7216fc07a64e
angel,2007-11-01,1000000.0,0.0,0.0,81952d75-8b48-8b4f-7916-91fa844a28f5
seed,2007-11-01,0.0,0.0,3.0,b1efb776-c85e-3c83-3e4c-c85b80889984
angel,2007-10-01,1000000.0,0.0,1.0,b3687f83-b711-4b66-f534-30be408aee38
series_a,2004-04-01,6000000.0,0.0,1.0,e2e522d0-e659-6f19-ed31-a3246b00251d
angel,2008-04-01,7000000.0,0.0,0.0,29a89659-3da0-3c9b-9fbf-eb3c3d764532
series_c,2007-11-29,23000000.0,0.0,2.0,9bc6d32d-0bd1-6c54-b7b2-d7436e948bc0
series_b,2007-11-01,12700000.0,0.0,4.0,cd055a9c-3bee-897e-3778-2b9c469d4890
series_b,2007-09-01,8900000.0,0.0,7.0,5ae681b6-27fe-df5e-a083-d4dd89427ba3
series_a,2007-09-01,1200000.0,0.0,3.0,0a8a80e6-8bbc-a020-7337-8c24c14bb260
seed,2007-09-02,500000.0,0.0,1.0,9229962b-6ffd-cdf0-733f-387a6f73dc60
series_a,2007-12-03,1200000.0,0.0,1.0,ed13a077-a922-015c-4c4e-3109e1f747ea
series_b,2007-11-01,12000000.0,0.0,1.0,7d4ac671-ef1e-4526-91aa-153b3e340dd9
series_a,2006-11-01,3000000.0,0.0,1.0,7d4ac671-ef1e-4526-91aa-153b3e340dd9
series_unknown,2007-11-28,7000000.0,0.0,2.0,dab6c233-3bfe-5335-7357-9057a670b396
series_a,2006-09-01,4200000.0,0.0,3.0,becf81a8-1114-e03e-d8fb-df3a42077e88
series_a,2006-07-01,2000000.0,0.0,3.0,e2b20808-0027-d6b2-868d-1bc5d911cda7
series_b,2007-09-01,10000000.0,0.0,1.0,e2b20808-0027-d6b2-868d-1bc5d911cda7
seed,2007-05-11,5400000.0,0.0,4.0,fd092bea-31ec-cbcd-869b-dc61b57f5063
series_a,2007-09-01,2500000.0,0.0,1.0,fa0f3a4f-5671-e925-f425-506277720bce
series_a,2007-09-01,5000000.0,0.0,3.0,46ff310e-5e06-f626-f6b2-80f055fbc5d4
series_a,2007-09-01,7400000.0,0.0,3.0,095e458e-b098-6ca9-51c8-00d1ecf351e5
series_b,2007-09-01,6900000.0,0.0,2.0,1ecc8eff-53f9-ac39-2624-a2a15d75ad90
series_b,2007-09-01,4500000.0,0.0,1.0,cc5e3f69-901f-7a60-d646-2b7687a53451
series_b,2007-09-17,100000000.0,0.0,6.0,3e80d9bd-9ae6-30c3-580b-2f814206be52
series_a,2005-09-01,17000000.0,0.0,2.0,3e80d9bd-9ae6-30c3-580b-2f814206be52
series_a,2007-09-01,4000000.0,0.0,1.0,42b30153-3dc3-0049-651f-e4e5ab4b06d3
seed,2007-12-03,500000.0,0.0,2.0,ddf7f541-9b2e-b0d9-bb76-9e642e91383c
series_a,2007-09-27,500000.0,0.0,2.0,1754c28d-b663-357c-81e3-c408bf1097bb
seed,2007-10-08,500000.0,0.0,2.0,70561b7d-0746-3309-c3df-51a8a04b4d7b
series_b,2007-10-01,11000000.0,0.0,2.0,b3433c29-7218-9d12-374e-a11c320f0d4e
series_a,2007-10-10,5000000.0,0.0,1.0,79b08d4f-8189-4e16-e53c-55871191a25f
series_a,2007-12-01,3000000.0,0.0,1.0,b84358bb-7c0e-f81b-7f42-a85eebd548f2
series_a,2005-06-01,5000000.0,0.0,3.0,68886443-0aaf-0860-7fd6-bd84caa921df
series_a,2002-09-01,4580000.0,0.0,1.0,f43648f4-f341-401b-3b0e-0219683e9ada
series_a,2007-07-01,4000000.0,0.0,2.0,a27aab9c-b885-0625-5c6f-e0664914d235
series_b,2007-12-01,8000000.0,0.0,3.0,a27aab9c-b885-0625-5c6f-e0664914d235
series_b,2007-12-01,7000000.0,0.0,2.0,2eeb3793-f628-6c73-ae1c-6ebf8eb0ec2e
series_a,2007-12-01,3000000.0,0.0,1.0,4fb1ac49-eaf7-3f9e-e5b1-50c0866c4ab9
series_a,2007-12-01,3000000.0,0.0,2.0,77aaa67c-7359-8c9e-5f44-4762cf956636
angel,2007-10-01,100000.0,0.0,0.0,5f088a74-cc85-daf2-7693-31d7723135a6
seed,2007-12-01,3821669.0,0.0,1.0,33d33fba-07fb-f9d7-5c5d-d9d8d9856eb6
series_b,2006-08-01,6000000.0,0.0,3.0,df4f60a1-1efb-78d4-65b3-2fdf01cd2dfd
series_b,2007-12-01,20000000.0,0.0,6.0,f291fb08-c784-eeda-95aa-aab3a605ee71
series_a,2007-06-01,10000000.0,0.0,2.0,f291fb08-c784-eeda-95aa-aab3a605ee71
angel,2006-12-10,7000000.0,0.0,0.0,0cf4f50a-b749-04be-589f-301dc97dc6b5
series_b,2007-12-01,7000000.0,0.0,3.0,becf81a8-1114-e03e-d8fb-df3a42077e88
series_b,2007-09-12,2850000.0,0.0,1.0,85f021c5-877c-6ffc-c055-9324fe04a663
series_a,2006-04-01,6300000.0,0.0,1.0,1ecc8eff-53f9-ac39-2624-a2a15d75ad90
series_a,2006-07-01,1100000.0,0.0,1.0,420f0930-e9a0-a003-717d-2015ec0d6238
series_b,2007-09-01,3300000.0,0.0,2.0,420f0930-e9a0-a003-717d-2015ec0d6238
series_b,2007-08-01,6800000.0,0.0,3.0,33dc2e29-7d89-b73b-e526-305bb9d5bb49
seed,2006-09-01,500000.0,0.0,1.0,79b72e58-2fbb-8df5-b126-99ebf7fcd3c8
series_a,2007-08-01,1700000.0,0.0,0.0,163c8472-6399-1784-5af0-ad24d0e64f28
series_a,2007-08-27,4500000.0,0.0,1.0,4ebc13f2-e621-486a-cbff-700d4b9ac7b3
series_a,2007-10-01,4000000.0,0.0,1.0,302aa2b4-6369-a1b3-0a88-669693e026ce
series_unknown,2007-10-29,50442380.0,0.0,2.0,148e68b7-4b70-d664-9b84-85023e53c19b
seed,2006-05-01,600000.0,0.0,6.0,c5ef8699-5b17-6680-2081-f808db37183d
series_a,2007-11-01,7000000.0,0.0,3.0,498897d8-c6a7-e8c7-7b7a-06afea17b919
series_a,2007-11-01,7000000.0,0.0,4.0,50ab61cf-a5b8-f567-0956-230050ad0e53
series_a,2007-11-01,4750000.0,0.0,2.0,3ac17604-5211-a3ad-df2d-2130d5ec9de3
series_a,2007-11-13,1100000.0,0.0,2.0,52bbf9b6-2c78-fdc2-d828-7b228cffaa78
series_a,2007-11-01,5207791.0,0.0,1.0,8d8c273a-4f1e-f119-ef76-f5fd929cc358
series_a,2007-11-01,1200000.0,0.0,1.0,d3fbdcb9-8904-68f0-6fc9-807129ce50e0
seed,2007-11-01,580000.0,0.0,1.0,c95da866-b88f-8192-fb77-0605e6eaa876
series_a,2007-11-01,0.0,0.0,1.0,79095a6f-5767-f4e7-62c9-42578b5156a4
series_b,2007-12-01,15000000.0,0.0,4.0,3fc11bef-5958-05b5-ca92-ffafd8d147c1
angel,2007-12-01,2000000.0,0.0,0.0,ed7e846b-7002-4736-9e29-df5aa90ce899
debt_financing,2007-11-01,20000000.0,0.0,1.0,e141eb02-a86a-a504-1367-6f07fe9c3d76
series_a,2007-11-01,5000000.0,0.0,1.0,a5b4148f-63c3-29c6-8226-854e5c2ab115
angel,2006-02-08,100000.0,0.0,1.0,9b75649f-2b27-93ef-399f-7b6606225a63
series_a,2007-01-01,2000000.0,0.0,9.0,cc5e3f69-901f-7a60-d646-2b7687a53451
angel,2006-09-01,1000000.0,0.0,9.0,b683af1f-8dcf-8f82-37d9-88fbadd63e1b
series_a,2008-02-14,6000000.0,0.0,12.0,f9793ff5-ae80-b891-b21c-a35b48caf60d
series_a,2006-02-01,5000000.0,0.0,4.0,168cec91-c91f-971e-f6e9-81474bb9acb6
series_b,2007-12-01,7000000.0,0.0,2.0,168cec91-c91f-971e-f6e9-81474bb9acb6
series_a,2007-12-01,1469873.0,0.0,1.0,614d55b0-9ac8-de6a-9218-c98212353fc6
series_a,2006-10-01,0.0,0.0,1.0,481e0292-f829-2758-354c-49154b2d02a2
series_b,2007-12-01,0.0,0.0,1.0,481e0292-f829-2758-354c-49154b2d02a2
series_a,2006-03-01,27400000.0,0.0,4.0,4f174d0b-ff9c-0106-8b29-5eb53dbf1a27
series_c,2007-12-01,10000000.0,0.0,3.0,65220fe6-d817-f26a-7fb8-46b146fb9e99
series_a,2005-11-01,7000000.0,0.0,1.0,65220fe6-d817-f26a-7fb8-46b146fb9e99
series_e,2007-12-01,12000000.0,0.0,3.0,e547e5b5-106b-f0b4-5af0-6adc915c9ba2
series_b,2004-12-01,8600000.0,0.0,2.0,e547e5b5-106b-f0b4-5af0-6adc915c9ba2
series_a,2007-12-01,1000000.0,0.0,1.0,9284712f-d2d0-31f4-b6ad-b8174fca5708
angel,2007-06-01,750000.0,0.0,3.0,3c65d874-ea2a-9c85-9b94-95bcd8a5e5fe
series_b,2007-12-01,10000000.0,0.0,3.0,96f8cb80-0d79-328d-57d1-827f0b620c40
series_a,2007-07-01,2000000.0,0.0,2.0,96f8cb80-0d79-328d-57d1-827f0b620c40
angel,2007-11-01,750000.0,0.0,5.0,9f47abd8-9ce5-2685-0090-3ab58f4407bf
series_b,2007-12-17,7700000.0,0.0,2.0,c2b87ad1-326b-9595-3315-1bb47147984b
series_a,2006-10-01,3300000.0,0.0,2.0,c2b87ad1-326b-9595-3315-1bb47147984b
series_a,2007-12-01,7200000.0,0.0,1.0,304c06db-48a7-e07c-cfb2-486981a42b49
seed,2007-12-01,500000.0,0.0,2.0,f3d002cf-c16c-71f8-5305-db056431a7b9
series_a,2007-12-01,3800000.0,0.0,3.0,3d318c8b-688d-1339-869f-9f622927a7e1
series_a,2007-03-01,3950000.0,0.0,1.0,c2cc52c9-3a0a-c313-e5c6-f77a769db8fd
series_c,2007-12-17,22000000.0,0.0,7.0,8f52418a-427f-b951-5064-0c2213406fbc
series_a,2007-12-01,24000000.0,0.0,3.0,25bba517-037e-2e77-937f-223d6b2f1657
series_a,1999-03-01,25000000.0,0.0,2.0,d5baee96-359e-6264-7b8e-7f1ca72f6fe8
seed,1996-01-01,0.0,0.0,1.0,d5baee96-359e-6264-7b8e-7f1ca72f6fe8
seed,2007-12-18,1700000.0,0.0,5.0,a58d2b03-03b6-9484-30ef-b4b82ccd4f04
series_a,2005-04-01,500000.0,0.0,1.0,3b10e82b-f3aa-a3f2-6a4f-85c83dc3c819
series_a,2006-01-01,1500000.0,0.0,1.0,3b10e82b-f3aa-a3f2-6a4f-85c83dc3c819
series_a,2006-07-01,4000000.0,0.0,2.0,3b10e82b-f3aa-a3f2-6a4f-85c83dc3c819
series_b,2007-03-01,3300000.0,0.0,2.0,3b10e82b-f3aa-a3f2-6a4f-85c83dc3c819
series_c,2007-12-01,6000000.0,0.0,3.0,3b10e82b-f3aa-a3f2-6a4f-85c83dc3c819
series_a,2007-12-18,3000000.0,0.0,2.0,7184a886-07d5-030f-213e-b8b012da6f2b
seed,2007-01-01,1000000.0,0.0,0.0,5e5367e2-82b9-14d1-2423-c0a401b4d6f7
series_c,2007-12-01,16500000.0,0.0,4.0,bda9d3d8-20f0-0ebf-89a1-e18c331978c3
series_b,2006-01-01,5000000.0,0.0,3.0,bda9d3d8-20f0-0ebf-89a1-e18c331978c3
series_a,2004-01-01,5000000.0,0.0,3.0,bda9d3d8-20f0-0ebf-89a1-e18c331978c3
series_c,2007-12-01,20000000.0,0.0,5.0,0f2c2560-b0da-f473-9d05-f5f09fa08da2
series_a,2006-07-01,2000000.0,0.0,1.0,0f2c2560-b0da-f473-9d05-f5f09fa08da2
angel,2006-01-01,472625.0,0.0,0.0,c48dbc08-92c1-e30a-2c8b-f8a8720d8f3b
seed,2007-12-01,1763847.0,0.0,4.0,c48dbc08-92c1-e30a-2c8b-f8a8720d8f3b
series_c,2005-09-01,25000000.0,0.0,2.0,4116ff46-60f4-f305-242f-8d9c0c167469
series_d,2006-07-01,32500000.0,0.0,1.0,4116ff46-60f4-f305-242f-8d9c0c167469
private_equity,2007-12-01,96500000.0,0.0,4.0,ebc5db43-f6c0-8fb1-bb49-ddded56ba46b
seed,2007-12-01,0.0,0.0,0.0,6dd82f60-3c9b-88ca-0981-4f2668caad03
series_c,2006-05-01,11500000.0,0.0,1.0,ae1ec5c5-5352-cd5d-8db5-220b46626b12
series_b,2004-12-01,7000000.0,0.0,3.0,ae1ec5c5-5352-cd5d-8db5-220b46626b12
series_a,2004-01-14,8500000.0,0.0,2.0,ae1ec5c5-5352-cd5d-8db5-220b46626b12
series_d,2007-12-01,196000000.0,796000000.0,9.0,ae1ec5c5-5352-cd5d-8db5-220b46626b12
seed,2004-04-01,1000000.0,0.0,3.0,a3d39fb3-1bf6-7db7-ec65-fad69f6c81fc
series_a,2007-12-01,7000000.0,0.0,3.0,ef598b5b-d588-c21f-9b93-be78443f4e22
series_a,2006-11-01,16000000.0,0.0,7.0,fe8a76c0-67fd-21c9-2b6a-8b61fc4a2914
series_b,2007-10-01,2000000.0,0.0,0.0,fe8a76c0-67fd-21c9-2b6a-8b61fc4a2914
series_a,2007-12-01,20000000.0,0.0,2.0,3af550ec-482c-16cf-6764-7ac685822391
series_a,2006-12-01,5000000.0,0.0,3.0,b540b035-603b-5e9f-f3cd-68607b41ec0b
series_d,2007-10-17,48500000.0,0.0,5.0,0bca7fb1-2f2e-c14c-d875-194def70f911
series_a,2006-01-01,8000000.0,0.0,2.0,0bca7fb1-2f2e-c14c-d875-194def70f911
series_b,2006-05-01,16000000.0,0.0,3.0,0bca7fb1-2f2e-c14c-d875-194def70f911
series_c,2006-09-01,21000000.0,0.0,1.0,0bca7fb1-2f2e-c14c-d875-194def70f911
series_b,2006-10-01,8000000.0,0.0,2.0,19ddd65e-51a1-c5c5-78da-a94689bbf2b6
series_b,2007-08-16,101000000.0,0.0,7.0,7546b7b2-7bbb-1e51-2ff3-06bba81c5952
series_a,2005-06-01,8000000.0,0.0,1.0,7546b7b2-7bbb-1e51-2ff3-06bba81c5952
angel,2005-06-18,400000.0,0.0,3.0,548a7f1a-59b3-7cf6-279c-d43e7fbb762e
series_a,2006-11-01,1000000.0,0.0,5.0,548a7f1a-59b3-7cf6-279c-d43e7fbb762e
series_c,2007-07-01,3250000.0,0.0,3.0,548a7f1a-59b3-7cf6-279c-d43e7fbb762e
series_d,2007-10-01,30000000.0,0.0,8.0,03e7a926-1e8a-f3e2-b693-d79b14809f50
series_c,2007-01-25,40000000.0,0.0,10.0,03e7a926-1e8a-f3e2-b693-d79b14809f50
series_b,2006-02-01,30000000.0,0.0,12.0,03e7a926-1e8a-f3e2-b693-d79b14809f50
series_a,2005-11-01,32000000.0,0.0,0.0,03e7a926-1e8a-f3e2-b693-d79b14809f50
series_a,2007-09-01,43300000.0,0.0,2.0,25b41a01-7659-55e9-a072-f37bb0d47a0b
series_b,2005-05-01,20000000.0,0.0,4.0,7f44baa2-0fb1-6f6e-5964-43fc0e6a6579
series_c,2006-06-21,75000000.0,0.0,13.0,7f44baa2-0fb1-6f6e-5964-43fc0e6a6579
series_b,2005-07-01,12000000.0,0.0,5.0,a7078b34-90ed-c542-899a-761e5502cbed
series_unknown,2007-08-21,12000000.0,0.0,4.0,a7078b34-90ed-c542-899a-761e5502cbed
angel,2006-01-01,0.0,0.0,0.0,29936f73-4973-c7ed-8242-e2f5f9d1c401
series_b,2007-12-01,15000000.0,0.0,2.0,622e63a9-147d-c538-57e9-03e9afb884e6
series_a,2007-04-01,6000000.0,0.0,3.0,79b72e58-2fbb-8df5-b126-99ebf7fcd3c8
angel,2007-12-01,1000000.0,0.0,2.0,da4facc6-1a4a-1de4-8b2a-e4cec8f372a5
series_c,2006-05-01,40000000.0,0.0,10.0,a367b036-5952-5435-7541-ad7ee8869e24
series_d,2007-05-11,45000000.0,0.0,10.0,a367b036-5952-5435-7541-ad7ee8869e24
series_a,2004-04-23,7500000.0,0.0,2.0,a367b036-5952-5435-7541-ad7ee8869e24
series_b,2005-02-01,13000000.0,0.0,2.0,a367b036-5952-5435-7541-ad7ee8869e24
seed,2007-06-01,15000.0,0.0,1.0,6cf0e8a0-2e1c-f1ee-cf64-ae35ca95f320
seed,2006-10-01,0.0,0.0,1.0,0518deac-7f1f-9bf7-231a-9a1217e3db1d
series_a,2007-07-01,1500000.0,0.0,2.0,0518deac-7f1f-9bf7-231a-9a1217e3db1d
series_a,2004-12-01,6000000.0,0.0,3.0,090c0675-a8b2-f963-127b-ef4f31ddc7fe
series_a,2006-10-01,2000000.0,0.0,2.0,b8a98c62-83bd-2944-a9bb-abda814b157e
debt_financing,2006-06-01,0.0,0.0,0.0,6d082604-b4b4-fe14-0884-1d9a83ffa3a2
series_a,2005-06-01,7000000.0,0.0,1.0,042f33ca-34ca-b1ce-d28a-de06d5e40e5d
series_a,2005-12-01,3000000.0,0.0,1.0,7340f43e-9720-9944-8292-1d2f52ca68d0
series_b,2006-12-01,8000000.0,0.0,2.0,7340f43e-9720-9944-8292-1d2f52ca68d0
seed,2006-12-01,1650000.0,0.0,1.0,34de5655-1d63-0372-29c4-ed96cf6194a4
series_a,2007-08-01,8000000.0,0.0,3.0,34de5655-1d63-0372-29c4-ed96cf6194a4
seed,2007-12-01,1250000.0,0.0,4.0,ff71401a-f5b0-1dd8-2b72-4a9e5d6ecba0
seed,2007-05-01,3000000.0,0.0,2.0,071ec4de-0f32-36f8-9646-7929fbe7da06
debt_financing,2007-12-01,2000000.0,0.0,0.0,8efe5a00-5079-e116-28b8-5271b94b92c8
series_a,2005-10-01,400000.0,0.0,2.0,e867f917-49f4-717c-a827-1b2269d9bdb4
series_a,2007-12-11,1000000.0,0.0,1.0,0c90679b-f1f1-1746-0dc3-d8547af02346
angel,2007-12-01,0.0,0.0,0.0,8b5dd517-60d3-b02a-7e6f-c4dfa0562861
series_a,2007-12-01,0.0,0.0,0.0,2c2502e5-35fd-1140-1425-2670490f90f3
series_a,2007-12-01,10000000.0,0.0,0.0,5d8d636e-b4f6-9303-01f5-a0b13634c766
series_a,2006-03-06,2500000.0,0.0,1.0,c0814529-d8d4-d405-4fdf-f03fa9028802
series_a,2007-12-01,2500000.0,0.0,1.0,c0814529-d8d4-d405-4fdf-f03fa9028802
series_a,2007-01-01,0.0,0.0,3.0,8f1c6d7c-3e12-51bc-d687-d080c346cc47
debt_financing,2008-01-01,7000000.0,0.0,1.0,d654664d-2935-313e-5448-20e2745e7c8a
series_b,1999-04-01,16000000.0,0.0,7.0,d654664d-2935-313e-5448-20e2745e7c8a
series_d,1999-12-01,0.0,0.0,1.0,d654664d-2935-313e-5448-20e2745e7c8a
series_c,1999-10-01,30000000.0,0.0,10.0,d654664d-2935-313e-5448-20e2745e7c8a
series_a,2007-09-01,2000000.0,0.0,6.0,fdea27ca-a482-eed3-c419-775419ee1d06
series_a,2006-10-01,5000000.0,0.0,2.0,e308457e-4ae2-d34b-8399-f4885c5ef05c
series_unknown,2008-01-03,10000000.0,0.0,2.0,6058e080-a00d-e060-b9d6-a9565517bf98
series_a,2006-11-06,8000000.0,0.0,2.0,e2aa863c-410e-efc8-4501-4a2d1351ae40
series_c,2008-01-01,45000000.0,0.0,4.0,e2aa863c-410e-efc8-4501-4a2d1351ae40
series_b,2007-01-17,15600000.0,0.0,3.0,e2aa863c-410e-efc8-4501-4a2d1351ae40
series_a,2007-02-05,5000000.0,0.0,1.0,e5d9f64f-e402-67e0-b714-82f0e43df81c
series_b,2008-01-01,20000000.0,0.0,4.0,e5d9f64f-e402-67e0-b714-82f0e43df81c
series_unknown,2008-01-01,47000000.0,0.0,1.0,82931311-f1fa-e5a7-b563-9d94595f97d1
series_d,2008-01-01,20000000.0,0.0,3.0,fd2bf7fa-6a58-6870-d378-9512f37f1760
series_a,2008-01-01,8000000.0,0.0,2.0,a77b73cb-b580-2b01-417a-3d331a5fb775
angel,2008-01-01,3000000.0,0.0,2.0,3c0be1cd-f4a4-3f05-0a4b-aef31292d6f6
angel,2007-04-01,300000.0,0.0,2.0,8d374874-924f-bbfa-86b4-0d591373faef
series_b,2006-07-01,2000000.0,0.0,1.0,7aedd19b-c5ee-df45-45bd-4fe86dee3526
seed,2007-06-01,0.0,0.0,6.0,093b4f08-7be6-03f3-31f2-6a640386132d
series_b,2008-01-01,4000000.0,0.0,2.0,0518deac-7f1f-9bf7-231a-9a1217e3db1d
series_a,2006-08-01,2850000.0,0.0,1.0,7f54dc7c-ed99-bceb-9601-050c01af7200
series_b,2008-01-01,9500000.0,0.0,1.0,45f747ed-ad43-32bc-4d77-ab11182b5bf8
series_a,2006-09-01,6000000.0,0.0,2.0,45f747ed-ad43-32bc-4d77-ab11182b5bf8
series_a,2008-01-01,7000000.0,0.0,2.0,26374c80-2323-629a-7fd0-d7a69236e510
series_a,2008-01-09,13300000.0,0.0,2.0,095e458e-b098-6ca9-51c8-00d1ecf351e5
series_a,2005-09-01,14000000.0,0.0,1.0,d5715d23-56bc-9106-456a-d3286a68c305
series_b,2006-07-01,0.0,0.0,0.0,d5715d23-56bc-9106-456a-d3286a68c305
series_c,2007-01-01,4000000.0,0.0,2.0,d5715d23-56bc-9106-456a-d3286a68c305
series_d,2008-01-01,26000000.0,0.0,3.0,d5715d23-56bc-9106-456a-d3286a68c305
series_c,2008-01-01,20000000.0,0.0,3.0,1be487c6-c498-0599-ac9e-c5d777344b7f
series_b,2006-05-01,13000000.0,0.0,2.0,1be487c6-c498-0599-ac9e-c5d777344b7f
series_a,2005-04-01,7000000.0,0.0,1.0,1be487c6-c498-0599-ac9e-c5d777344b7f
series_a,2004-01-01,2000000.0,0.0,4.0,71a4f0cf-c755-60cb-4bc1-0b59b6028d0b
series_b,2006-01-01,4200000.0,0.0,1.0,71a4f0cf-c755-60cb-4bc1-0b59b6028d0b
series_a,2006-08-01,10500000.0,0.0,4.0,ea7ed226-88e1-43c3-b75c-e05e9e5c29b0
series_a,2007-10-10,10000000.0,0.0,6.0,ea7ed226-88e1-43c3-b75c-e05e9e5c29b0
