type,org_uuid,went_public_on,share_price_usd,valuation_price_usd,money_raised_usd
ipo,fd80725f-53fc-7009-9878-aeecf1e9ffbb,1986-03-13,0.0,0.0,0.0
ipo,756936c0-c335-f0ae-0a3d-fe26bdff5695,1978-01-13,0.0,0.0,300000000.0
ipo,73296f0d-85a5-78d5-90b3-86c5f8981ba9,2006-10-22,16.0,160000000.0,145000000.0
ipo,ff8439cf-097c-a88a-9bb9-dd83d23aa14b,1999-12-02,0.0,0.0,35000000.0
ipo,ab8e5ba4-df5d-121b-93b6-eae7a0c89245,1988-08-12,0.0,6000000000.0,0.0
ipo,fbef6457-9149-72cf-af57-7cfbe15c05f8,1993-03-19,0.0,0.0,0.0
ipo,b0c99c14-aa1d-1653-ef65-b8d8193b91a0,2010-07-27,0.0,0.0,15000000.0
ipo,172a34b4-9edd-b0ae-c768-cbfa8e1ab52c,1986-08-22,0.0,0.0,0.0
ipo,2aca697b-a2cf-e00b-e186-bbeb82608e9f,2000-01-01,0.0,0.0,0.0
ipo,d340f983-7629-dd4a-51de-ed59755880fb,1993-10-08,0.0,2000000000.0,0.0
ipo,c052599a-0b87-5e7b-f170-e3c25fcceb36,1996-12-06,0.0,0.0,0.0
ipo,c273424a-c118-e7ab-29a6-843775e7e6d0,2005-08-05,27.0,117311679.0,109090854.0
ipo,71d51015-1800-ed61-8bc3-8dca49caec15,1996-04-12,13.0,848000000.0,33800000.0
ipo,e5c42bcc-71b4-0857-8782-ffae92a45eae,1986-04-11,0.0,0.0,0.0
ipo,191cb95d-791b-b179-7396-d8bb50d2c270,2006-08-10,0.0,100000000.0,0.0
ipo,14899c44-d90d-5880-0dcc-e7a4f1a140f2,1987-10-01,0.0,0.0,0.0
ipo,7d0e20ae-fec0-f3ba-0298-84511477ed22,1989-06-30,0.0,0.0,0.0
ipo,70756e51-3859-a1ae-8edb-d7eeaf5ed342,2006-12-07,0.0,0.0,47438834.0
ipo,c13fc3f5-6944-d73a-5ffe-b458060dac4e,1999-02-12,0.0,0.0,0.0
ipo,fbc7746d-86e0-8fd6-19d8-69280c686d02,1978-01-13,0.0,0.0,0.0
ipo,3cae090b-ed2d-95f8-79a9-e32ca480258f,2004-06-25,0.0,11000000000.0,0.0
ipo,ee9393bc-9830-fe9a-0dbb-a751f806b552,1998-02-06,14.0,282000000.0,42000000.0
ipo,31a4e4b9-096e-12e5-1da4-d76f400bfcc0,1996-08-16,26.25,0.0,46400000.0
ipo,b69ecc7f-c29f-093b-33bc-7cd8e3193868,2011-10-28,0.0,14000000000.0,0.0
ipo,db5590d0-3e95-9da2-a526-2c27fd1ae83f,2007-11-20,10.0,497000000.0,107900000.0
ipo,e07cf59c-cd8f-7c84-52c9-8f1b2fe7418a,2002-02-22,0.0,0.0,0.0
ipo,3e3e8a2f-3700-f2c9-6568-4aaae02c07c6,1991-12-20,16.0,0.0,50000000.0
ipo,a44c281d-fb18-a03b-61f9-5b1230e6767d,2003-01-10,0.0,0.0,0.0
ipo,379de209-4152-441b-c243-57f1adae009f,2003-07-17,0.0,0.0,0.0
ipo,c7063136-9cb8-018f-4f47-f5d2d82722eb,2006-09-14,0.0,0.0,0.0
ipo,f908683c-5630-9ceb-e947-de13d2a04d3f,1978-01-13,0.0,0.0,0.0
ipo,e5c00cbd-ff5b-5600-d13a-6abc1181d1ed,2000-08-11,12.0,0.0,240000000.0
ipo,f8a5330b-399e-7845-7315-c351c2b2acd4,1996-11-22,0.0,0.0,0.0
ipo,7f1eeb05-c9d0-1ec9-b238-07302ffa7735,1995-11-17,0.0,0.0,0.0
ipo,c753860f-ab3d-816a-2dc5-9b26c6b9725b,1999-07-20,0.0,0.0,2000000000.0
ipo,e0906c05-fae5-9591-ba5f-2142d8b0065a,1990-02-23,0.0,0.0,0.0
ipo,5a6207e2-b868-9f41-5178-8d51d2c40a93,1989-10-06,0.0,0.0,0.0
ipo,ee17319e-f5ee-9c9a-6500-edf82b4fbf05,1999-01-29,12.0,626000000.0,42000000.0
ipo,e693e2f0-50bb-05ab-8a27-4078f5dacf11,1983-12-02,0.0,0.0,0.0
ipo,1e4f199c-363b-451b-a164-f94571075ee5,1971-10-13,0.0,0.0,0.0
ipo,32874923-7c6f-25a9-bcc7-1ac062f484e0,2008-12-17,0.0,0.0,0.0
ipo,6ee9a3a7-8dbe-b03a-ad10-99762f16ab6f,2000-04-20,0.0,0.0,0.0
ipo,a79798ae-6632-f045-f66e-98a3e688833a,1999-06-01,0.0,0.0,0.0
ipo,443b284c-9939-cbaa-e4e0-961b6819ab69,1993-11-05,0.0,0.0,0.0
ipo,8c1cd4d3-f58d-84ba-b6b3-848ebb83297b,1985-07-05,0.0,0.0,0.0
ipo,bd492a8f-7947-0bad-8349-a295befa8515,1996-07-05,0.0,0.0,0.0
ipo,e3fbf2ab-4862-b7cc-1b4e-9382668c0836,1998-10-16,0.0,0.0,0.0
ipo,419ffbed-89a1-3602-1aa2-91d18d6ba7c8,2000-04-07,18.0,349000000.0,72000000.0
ipo,e25d76f1-338c-9fa4-0b13-56a65e5045af,2012-06-27,0.0,0.0,0.0
ipo,bd96fc35-a022-289d-ee43-ee1aab43298f,2008-08-12,2.2,0.0,37800000.0
ipo,1f93544d-3abf-ddb9-3aac-07b39f1efad0,2007-01-11,11.0,0.0,31900000.0
ipo,b52ccac4-4413-7a3d-e2b2-f9e13d29d687,2007-04-05,0.0,0.0,0.0
ipo,5b544a09-1e45-74ac-9234-23a33895493b,1999-07-13,0.0,230000000.0,72000000.0
ipo,a597782e-dde4-c51a-a83f-aaa2de65d665,2007-03-08,25.0,0.0,600000000.0
ipo,5dd97714-bf05-1e44-e2bd-c7be19421f8b,1999-12-09,30.0,171600000.0,132000000.0
ipo,802316cc-a5aa-2492-cf2b-1ab481fb5c18,2008-07-24,16.5,0.0,500000000.0
ipo,ad3593b5-6323-310c-6b8d-0892fed37406,2008-05-16,0.0,0.0,0.0
ipo,c40a2dd5-f61a-fc51-7b22-98a9d549ac04,1978-01-13,0.0,0.0,0.0
ipo,486a2039-b714-dc0d-e27f-b27a3f9c2e50,2006-08-31,0.0,0.0,0.0
ipo,c768a295-bd99-2f35-ae23-3a525d328d1e,1991-01-01,0.0,0.0,0.0
ipo,771ea53a-9289-52f0-b573-69ed67ca2c75,1993-03-26,0.0,0.0,0.0
ipo,4867d9a2-e744-8012-9c75-64f21e6b1656,2008-08-01,0.0,300000000.0,0.0
ipo,f2228766-a19f-97d4-64e8-f197718c86df,2010-01-15,0.0,0.0,0.0
ipo,e33a7904-11f0-2a89-16f5-c34e9108abd5,1990-01-02,0.0,0.0,0.0
ipo,98ced7fb-c747-4920-9470-ebcda6f1077b,1999-01-15,0.0,0.0,0.0
ipo,8834854e-eece-d791-777d-6b22f40bb79c,2000-07-07,0.0,0.0,0.0
ipo,5d4bc68d-8966-3f2d-5a48-a1ba439427fe,1985-08-09,0.0,0.0,0.0
ipo,93853d8a-48b8-f3f1-c162-7c1d3b856082,1978-01-13,0.0,0.0,0.0
ipo,52ae68e9-248a-8d03-a3d0-f48850911260,2003-01-10,0.0,0.0,0.0
ipo,cdf00ff1-6d7a-ef5b-59fc-67432a6e10fa,2008-05-14,0.0,0.0,0.0
ipo,b62cc822-ce0a-bd40-9d53-c709c2410281,1993-11-12,0.0,0.0,0.0
ipo,abf527f3-3065-3e2b-a064-8e5486c236de,2013-11-22,0.0,0.0,0.0
ipo,95bbd5b8-122f-7cb9-95ba-27ab9619980f,2004-07-09,12.0,0.0,69300000.0
ipo,4218b94a-8def-98e7-5e5c-b25cbb1ce874,1996-02-02,0.0,0.0,0.0
ipo,3abdd26b-df6d-573a-5900-bd62a174e007,1998-11-01,0.0,0.0,0.0
ipo,c1a672fb-98fb-5284-1236-bdfa905a982e,1994-07-08,0.0,0.0,0.0
ipo,8adadbfb-be63-6602-8ca0-b037397a7038,1978-11-06,16.0,662000000.0,115000000.0
ipo,7103e064-eb56-1aeb-af09-2a4d53d03e16,2013-06-28,0.0,0.0,0.0
ipo,fe1e058d-f6c2-5bef-6519-98875996bf52,2007-05-02,11.0,69000000.0,44000000.0
ipo,15957761-5c76-4bf0-33cc-b425e0c535cf,2000-05-31,0.0,0.0,0.0
ipo,77be06c2-f7ad-51c2-57be-87b10f9fa7bb,2008-05-09,0.0,0.0,0.0
ipo,d74e826a-d310-9b85-a1e5-bda5b64cadc2,2007-11-07,8.0,92000000.0,80000000.0
ipo,a8f22d87-2189-8ef9-19e3-834c56d9de5f,1996-12-27,0.0,0.0,0.0
ipo,04857c14-d85e-6545-c73b-c432aa45e2a2,1985-11-29,0.0,0.0,0.0
ipo,5949ef87-3506-367b-7a64-60b3e5dfb815,2008-02-15,0.0,0.0,0.0
ipo,6084f505-29a7-ebba-0da5-f58f90771867,1997-09-26,0.0,0.0,0.0
ipo,b4124850-5121-85a5-5273-a123def65831,2000-06-30,7.0,174300000.0,28000000.0
ipo,92376dde-a677-22a7-119f-9605139961ab,1999-01-15,0.0,0.0,0.0
ipo,e0953732-bcbb-d45b-b1a2-bb0c4e34247e,1997-07-08,6.0,25000000.0,10600000.0
ipo,03e7a926-1e8a-f3e2-b693-d79b14809f50,2009-09-24,0.0,380436764.0,0.0
ipo,649c734c-b074-9918-cad0-77d6631961fd,1982-11-05,0.0,0.0,0.0
ipo,3339db07-2237-15e3-7a44-7d2150c98c61,2000-02-25,0.0,0.0,0.0
ipo,4316e23d-1ff3-27c3-c7be-3b1e384a19e3,1993-11-17,0.0,0.0,0.0
ipo,14378dad-bfb5-7519-481e-8f692e8f334b,2004-01-01,0.0,0.0,0.0
ipo,21d7270e-3fb6-323a-4829-b6c62d6d391a,1994-11-25,0.0,0.0,0.0
ipo,71769262-d3b9-a2f9-a7d5-626db2bd2af4,2009-08-06,12.0,348000000.0,57600000.0
ipo,b4fd1fb4-501a-d788-4c42-5a18042da783,2007-08-09,0.0,0.0,0.0
ipo,7ed01dc7-8aed-8795-ae49-13cec8f0544c,1991-12-27,0.0,0.0,0.0
ipo,3a8089a8-8d35-f535-ff04-25030fd53625,2001-01-26,0.0,0.0,0.0
ipo,7a42270c-821d-f470-02d5-103279b57d87,1986-05-23,0.0,0.0,0.0
ipo,3775bd0f-298b-483d-c039-68037dfbd184,1993-09-03,0.0,0.0,0.0
ipo,1ae4170f-8091-2db4-0901-ec5df0b85643,1999-06-30,0.0,0.0,0.0
ipo,0f0c5929-d9ec-252c-6ec4-2d45d0dd8c05,2009-08-12,16.0,1400000000.0,367000000.0
ipo,562b28fa-c622-fca1-fb04-6fe795d6f24f,1978-01-13,0.0,0.0,0.0
ipo,d85fd6ab-075f-86cb-3531-2c6ed0802a31,2000-12-15,0.0,0.0,0.0
ipo,a46f484f-418e-d4e0-29a8-312d514a2f5a,2005-06-03,0.0,0.0,0.0
ipo,4248ffc8-f4fb-8d83-c13e-7fce6c09af74,1978-01-13,0.0,0.0,0.0
ipo,c811d171-1c94-01f8-ede6-62e91548d3ae,2003-01-10,0.0,0.0,0.0
ipo,4e25d15b-f315-647d-30d6-acbaf24e647d,2000-02-08,0.0,0.0,0.0
ipo,fb92667e-2ea0-f1f8-d6db-86047f37006b,2003-01-10,0.0,0.0,0.0
ipo,002f8715-7e27-c7f5-7190-8d2968cf7dc5,2007-06-22,0.0,0.0,0.0
ipo,088ae0b2-6af8-9a60-0619-999cde3a7a84,1999-02-26,15.0,0.0,52500000.0
ipo,5b1d987a-a8a6-3c6b-0273-389bdc0f0417,1997-04-04,0.0,0.0,0.0
ipo,2c127204-1cbf-d7bf-eb84-7f9bc70ea10f,2007-05-25,20.0,842000000.0,100000000.0
ipo,89f8fef5-3b57-978a-7828-1a0e98e4e337,1993-04-08,0.0,0.0,0.0
ipo,f82ed639-b14d-a649-0041-3115e32a0c9e,2004-08-31,0.0,0.0,0.0
ipo,16d4872a-cf42-b250-3b6e-a49efb6b14ff,2007-02-16,0.0,0.0,0.0
ipo,c0ff2c9c-bd00-9a50-58cf-ecea763e5da5,2013-06-21,0.0,0.0,0.0
ipo,ec7834bc-c674-2d2f-13a0-8ba5c6f6eabc,2000-08-18,17.0,0.0,79900000.0
ipo,8fe8a2f7-9fa9-00d4-0ed0-dc07d4650b28,1978-01-13,0.0,0.0,0.0
ipo,c965489d-02fc-edb3-d29f-4dbd4a012ae1,2003-01-10,0.0,0.0,0.0
ipo,d62143e4-550d-f29b-734c-fd6056392fb8,2011-05-11,0.0,0.0,0.0
ipo,e8ee8d99-88f1-2df3-ddf1-8c5f8d551687,2019-03-06,0.0,0.0,0.0
ipo,e8c4e19b-f2c8-e1ec-d4c9-c0e2cd6f5646,2000-11-17,0.0,0.0,0.0
ipo,392fdecd-e8fb-2391-e13b-980bfa6c818f,1962-04-23,25.0,0.0,0.0
ipo,462a8256-ac08-7441-3231-6c05d5f3b07a,2009-08-07,0.0,30000000.0,0.0
ipo,7b7f17f7-8321-cf92-b348-be5f6f886d83,2000-05-17,0.0,0.0,0.0
ipo,ca3aacc6-8e8f-51b0-3458-dad0e7dd315d,2000-04-11,14.0,0.0,168000000.0
ipo,781f1c1b-f3a4-f6b8-2b1b-7868e3ba6fbe,2000-01-01,0.0,0.0,0.0
ipo,aac8d3ce-79e5-f9c2-b593-bdc00f9aacad,2006-07-07,0.0,0.0,0.0
ipo,1bf73d14-9d49-920a-d991-1aa7230d97d1,2002-12-16,0.0,0.0,0.0
ipo,d0239256-3ffd-d163-5c7a-025073a1c28e,1961-01-01,0.0,0.0,0.0
ipo,fbc3a84b-e9c2-c002-2142-0f0b48b0c8b4,2001-12-01,0.0,0.0,0.0
ipo,0e2525ca-3c52-dd46-b2d3-4f683d69eba9,2009-12-03,0.0,0.0,0.0
ipo,5f6b3568-a8a8-e215-fda7-80d13d8f91ca,1987-08-07,0.0,0.0,0.0
ipo,2809f3e2-ee30-e104-15f2-af1350c364d2,1994-02-04,0.0,0.0,0.0
ipo,43f794ca-2a16-9550-a8bf-a0f6d8b96222,2000-01-14,0.0,0.0,0.0
ipo,31368a91-3d19-aea7-275c-4be1b80ed444,2007-03-09,13.0,0.0,299000000.0
ipo,38b07295-7ce1-0511-2fe9-f55437ca2a49,1998-07-17,11.0,0.0,33000000.0
ipo,c510b4ae-193e-d93e-7fe2-c0beff84b142,2003-10-28,0.0,0.0,0.0
ipo,1f300c0f-feb0-f833-494f-6c75cc4a2992,2005-02-03,0.0,0.0,0.0
ipo,8ffdd798-1896-32ee-00cd-ba64f62f32c1,2012-03-23,0.0,10400000.0,0.0
ipo,e9fe04e2-24d5-4dc6-3276-4876e41cb5ff,1980-12-19,0.0,0.0,0.0
ipo,15668f72-8d19-5a79-0363-4442cc5c650a,2008-02-15,0.0,0.0,0.0
ipo,e79dac98-7495-521e-72c6-35c8b42b6080,2002-03-15,0.0,0.0,0.0
ipo,f2f5a131-75db-deee-53b9-10024f16bc76,2012-11-02,0.0,0.0,14000000.0
ipo,7306b906-52c8-1fc4-d08b-bee0e103ca10,2012-09-30,0.0,0.0,0.0
ipo,f32e9366-bee7-e971-0e89-59dadaab4677,1999-04-09,0.0,0.0,0.0
ipo,352ba159-739a-ba2b-3bd9-3e3a2d5668c4,2006-03-07,0.0,0.0,0.0
ipo,62a8ef74-a2aa-2a67-90e0-d3b16ea4c37e,1999-12-15,16.0,324800000.0,72000000.0
ipo,f95a9e4e-94ea-03a4-0c2f-6226ce6e80cc,2009-12-16,0.0,0.0,0.0
ipo,1697d32e-0c48-d923-6b3d-279bea8c6dc5,2004-09-10,0.0,0.0,0.0
ipo,01eb04d7-5502-20f8-e18e-1fc5abd492e8,1978-01-13,0.0,0.0,0.0
ipo,e73ba657-9007-38d3-6852-01c503d1aede,1996-12-13,0.0,0.0,0.0
ipo,54c46062-a84e-fc4b-e1b6-1b0fa326f6d3,1991-11-22,0.0,0.0,0.0
ipo,ac12ee99-f12d-5252-c610-07b4a600295d,2009-12-09,0.0,0.0,0.0
ipo,be1e52ce-bc66-dd5c-26cf-9885a6a3d4b1,1988-10-28,0.0,0.0,0.0
ipo,4763bb6a-a13c-2397-3f76-84e494cb9fe4,1993-10-22,0.0,0.0,0.0
ipo,a85b844f-aaa5-f30e-ec0e-5ad58991bbdb,2000-02-11,26.0,592800000.0,137000000.0
ipo,3cdbae52-e725-a8e4-dc7b-19fa7e8a0a6d,1997-07-10,5.5,0.0,7700000.0
ipo,774b9ee7-7aeb-229a-99c2-41cb3eadb022,1996-07-08,0.0,0.0,0.0
ipo,958b45c9-86a1-645f-7251-997caa582fe2,1998-07-17,0.0,0.0,0.0
ipo,e1dbeb98-3ad3-4981-b6bf-4ba770b38850,2007-11-02,0.0,0.0,0.0
ipo,d4282abb-57f8-b27f-d26a-4bb911202854,2012-06-27,0.0,0.0,0.0
ipo,a8e7f3e7-4135-a19d-b185-44bda49019b8,1987-10-09,0.0,0.0,0.0
ipo,fae7c1ef-3f14-1fa8-308d-f1bd88fbe13b,1993-05-14,0.0,0.0,0.0
ipo,f6e3cbed-d5dd-ffe5-5dc1-19084f29ece5,1999-04-09,0.0,0.0,0.0
ipo,a1fba6f6-4e22-cf1d-0b55-6bd1b334c5b1,1999-10-19,17.0,265235326.0,78200000.0
ipo,dc27d828-a5f9-6e6c-b603-409e97eb4c95,1995-05-05,0.0,0.0,0.0
ipo,a259a95c-339d-0867-66ad-5121d9681a94,2002-12-27,0.0,0.0,0.0
ipo,bef5bd4b-72c6-7877-d7ab-8bbe43f7bda7,1986-03-12,15.0,0.0,31500000.0
ipo,c9868e97-5ec5-df10-411d-b8a8c715f5ab,1978-01-13,0.0,0.0,0.0
ipo,ec56816a-bc22-3c61-593a-578f7b7857db,1996-10-04,0.0,0.0,0.0
ipo,bcc94bad-4f02-78cf-c603-5bc446932302,1999-06-04,0.0,0.0,0.0
ipo,9107cbfa-5e17-5731-4b3c-42933c49d916,1979-12-21,0.0,0.0,0.0
ipo,d66a51df-050b-315b-545f-4d7780e75b3a,1996-11-15,0.0,0.0,0.0
ipo,ffd9a1e4-9dcb-6078-1117-37654347b39d,2000-11-24,0.0,0.0,0.0
ipo,b101c345-fcd5-3980-654b-72604f6f37c7,1981-08-14,0.0,0.0,0.0
ipo,bbbf2dd6-a90f-d0d6-25d9-7e167a8d9315,1995-11-17,0.0,0.0,0.0
ipo,055ebf3f-1c92-d597-6435-29e9e341cf90,2011-01-14,0.0,0.0,0.0
ipo,a6b8ea65-4d35-8b59-a249-5a561d91adcb,2005-08-03,10.0,0.0,48000000.0
ipo,29849eb2-5367-1cef-685e-4d4f444bd4de,2006-06-30,15.0,0.0,1100000000.0
ipo,edf027cf-1b54-f69c-aaa2-3eada1d8ec60,1965-01-01,0.0,0.0,0.0
ipo,7baea43e-7f5a-c4b9-3ed3-669a86d33741,1983-12-23,0.0,0.0,0.0
ipo,fb64bde8-8a47-a75d-970d-7eb40a1a4942,1996-01-26,0.0,0.0,0.0
ipo,8ac45670-9daa-9327-36b6-d6ee5f7c32ed,2003-01-10,0.0,0.0,0.0
ipo,70d6e3a3-2d6c-03b2-f07e-bf237c3381a7,2005-02-18,0.0,108000000.0,0.0
ipo,25383b12-8ab3-3818-c5bf-a03bc46407cc,2007-11-01,0.0,0.0,886500000.0
ipo,5f498cbb-8161-37e2-26cc-43340f45fd8f,2005-09-30,12.0,480000000.0,66000000.0
ipo,4eced732-a85c-ed70-f04b-a6ef2991bb6c,2007-06-22,0.0,0.0,0.0
ipo,16b9eb8f-c868-586d-d005-793943ad530e,2002-05-31,0.0,0.0,0.0
ipo,e9a793f8-764b-6e4a-e232-1264395a019b,1999-05-26,0.0,0.0,0.0
ipo,2838c7e2-7ea1-1ca5-3f58-bc9b8c9708e7,2000-01-01,0.0,0.0,0.0
ipo,ca83265d-d207-157d-1100-134e8796f84d,2009-07-07,0.0,0.0,0.0
ipo,08df7202-b2d1-0542-bacd-6b8a4600e8aa,2009-11-20,16.0,0.0,103000000.0
ipo,7d7c2dfc-a81e-0501-b302-7a63c9ee4b53,2000-02-22,0.0,44000000.0,0.0
ipo,231928ca-bd48-90d9-cbfb-4d1af0a44d1d,2004-11-19,0.0,0.0,0.0
ipo,96072fb3-6eb0-8cbb-45b7-0d1ad9188cb6,1982-12-10,0.0,0.0,0.0
ipo,3aff06a1-23b2-8a5b-a06f-ce8c7ad2ec82,1997-07-11,18.0,279000000.0,95600000.0
ipo,c80031b5-a3bd-21be-f4d5-d9478551a943,2007-06-01,27.0,2807000000.0,469300000.0
ipo,58e8bef3-dfcb-eec0-3424-fcd921c6fcde,1978-01-13,0.0,0.0,0.0
ipo,bf313e68-63a0-8281-a809-bc824b4c51f2,1999-05-14,0.0,0.0,0.0
ipo,7a1503a4-3230-eb79-8210-294d71828e05,2004-09-09,0.0,0.0,0.0
ipo,e673141b-2420-aa6b-14af-b8f9abe8fab7,1997-08-08,10.0,86000000.0,27500000.0
ipo,fff960de-b6f7-e235-da0a-939eec65a459,2008-05-02,0.0,0.0,0.0
ipo,87643810-41a6-08b1-46a3-ef62e4eb0922,1995-12-15,0.0,0.0,0.0
ipo,27c9e2fe-77a5-a849-0c7d-3b92f7c3df9c,1997-03-21,0.0,0.0,0.0
ipo,f5ee7d1e-de64-32f6-50a3-30ef3dfc8a65,2001-04-01,0.0,0.0,0.0
ipo,d382bfac-1ecc-94a8-5e67-8c1b30c537cd,1998-06-19,14.0,0.0,0.0
ipo,5b186ed0-9eb7-15e9-fd4b-ff3da2f0f96b,2008-07-31,0.0,0.0,0.0
ipo,2dd81d62-bb65-6587-b1df-d98b34ab317e,1987-01-01,0.0,0.0,0.0
ipo,0cea13d4-c67b-8424-1c7d-481a14a354f2,2010-04-29,9.0,179000000.0,46100000.0
ipo,47b07ea7-f188-15eb-2df6-d6aad2a52871,2013-08-29,0.0,0.0,0.0
ipo,f58b4e2d-81de-32aa-21b1-3dd0c118e817,1999-08-20,10.0,147000000.0,35000000.0
ipo,f641701e-e3e3-f6aa-8e9d-7c0916ca806d,1995-09-29,0.0,0.0,0.0
ipo,5de1b489-c603-651d-adf9-26610a3cd446,1999-10-19,0.0,0.0,0.0
ipo,4522b60d-0b04-827e-2b6c-6eaf236cf636,2005-12-16,0.0,0.0,0.0
ipo,9401d90b-e927-4917-7fcb-1dbe51786c05,2009-07-15,0.0,0.0,0.0
ipo,5c23dd27-73cc-fecd-2493-60b5d3cb2ac5,2007-07-06,0.0,0.0,0.0
ipo,835d0bb0-b9ca-f379-c917-00bb0841b90f,2005-11-18,0.0,0.0,0.0
ipo,c3e5a994-4f3d-0e7f-6f21-21ff6a87635e,1990-06-22,0.0,0.0,100000000.0
ipo,4ca071a2-3af6-b159-29b0-47476843f6eb,1994-09-01,0.0,0.0,0.0
ipo,9c213c5a-849f-0e39-dcc6-7126bc81cc78,2007-11-15,14.0,269354918.0,93800000.0
ipo,588c5f71-7df2-6cd4-06a1-e042f1c3aee4,1998-05-07,12.0,0.0,30000000.0
ipo,11b56aab-060c-11a8-c988-08544357ea5f,1995-02-08,0.0,0.0,0.0
ipo,9a9ecba6-62fb-8b83-519e-48cc45b95ddb,2005-12-16,12.0,0.0,506000000.0
ipo,00109a4e-b21f-98d1-7a8a-ed4649ec99e1,1995-05-12,0.0,0.0,0.0
ipo,736d2da1-9e57-1490-538e-06237dce23f6,2010-06-22,5.0,23420000.0,11000000.0
ipo,46e8888f-9880-12cf-8d47-a8f6b0d80204,1992-01-31,0.0,0.0,86250000.0
ipo,51ee0def-f0ac-c663-d359-d94bf7c2b9bf,2010-06-25,10.0,395000000.0,60000000.0
ipo,3b01d0a0-fd49-db16-32f9-ba273167998b,2012-04-13,0.0,0.0,0.0
ipo,61b2656d-49fc-0ba9-b728-3bf2bd712038,2010-06-29,0.0,0.0,74000000.0
ipo,a5bda772-fea3-3297-cea6-95920666b612,2010-05-14,0.0,0.0,0.0
ipo,994123d4-58c2-8de5-d890-11c42e8a484d,2010-04-22,15.0,0.0,140000000.0
ipo,0d0581b5-cc05-8e1a-7b8b-8ecb2a0826f6,2010-04-09,5.0,61750000.0,30000000.0
ipo,0df4c98a-daef-a07e-8e1a-83c1e0bba844,1999-04-01,0.0,0.0,0.0
ipo,9c990562-a247-f12f-1d9c-98829b28be90,2003-01-10,0.0,0.0,0.0
ipo,99cdcfe0-c689-9f42-c38a-1eb03709810b,2009-10-09,0.0,0.0,5277000.0
ipo,06b2b26d-a8e5-5e87-c9e2-c1f143967034,2006-08-30,0.0,0.0,0.0
ipo,8483fc50-b82d-5ffa-5f92-6c72ac4bdaff,1899-03-08,0.0,0.0,0.0
ipo,ac37f950-47c9-03d9-c842-6d2c23be85d9,1998-02-20,0.0,0.0,0.0
ipo,4650d777-fa36-04bb-5ce3-29133f065db9,2001-10-19,0.0,0.0,0.0
ipo,bbc94e27-3685-8247-41ae-ec7927d7883b,2007-11-05,0.0,0.0,0.0
ipo,f9550697-a454-0d28-8d86-c2afc4001212,2004-09-10,0.0,0.0,0.0
ipo,51f684b0-434c-31c0-d00c-008ab03418c4,2006-09-01,0.0,0.0,0.0
ipo,0e390c76-e4aa-38c8-09c3-87fd0954370e,2005-10-19,0.0,0.0,0.0
ipo,2f9b212a-d3aa-a8c2-6317-516127c8ba88,1980-12-19,0.0,0.0,0.0
ipo,270df9bf-9a42-323b-869f-7709b14e2168,2011-01-14,0.0,0.0,0.0
ipo,b556e522-8c6a-7ae4-8b1c-73c216539446,1999-01-15,0.0,0.0,0.0
ipo,59b7688c-0df2-df63-2ad1-b67bfb092879,1978-01-13,0.0,0.0,0.0
ipo,482bc4dd-80a3-67ff-c095-5fccbf572a3f,2010-08-20,0.0,850000000.0,70000000.0
ipo,b940270f-8e28-2ed5-8765-4651436e5694,2007-03-15,0.0,139000000.0,139000000.0
ipo,de99f205-c6d6-12ba-0171-06a7e33a449a,2006-09-08,0.0,0.0,0.0
ipo,6ebab46a-4531-0a21-eea5-7d2a25e6d7b7,2009-10-26,0.0,0.0,0.0
ipo,75eccb75-52e9-5d1b-8f7a-c75c91f6f314,2000-12-15,0.0,0.0,0.0
ipo,6a743a2b-3e2e-2d36-2ba6-128019d5e56a,1999-11-05,0.0,0.0,0.0
ipo,52ab789f-509e-603a-aa08-25b022523eed,2012-06-26,0.0,0.0,0.0
ipo,e364e0ed-d59a-1dc1-bdc1-aaecbdab2be0,2006-02-03,20.0,0.0,366000000.0
ipo,75c7bf38-b4b0-6cf9-a0b4-0dbeafe354b7,1983-08-12,0.0,0.0,0.0
ipo,03810ec2-31a8-5c0a-c486-fee53e6d6a2f,1992-01-01,0.0,0.0,0.0
ipo,90d9c7ef-8990-5191-ba60-9eaf3649e79d,2003-11-14,0.0,0.0,0.0
ipo,831b3274-09ad-2c50-9817-a895d9bf38a2,2000-08-03,0.0,0.0,0.0
ipo,efb0c925-366d-7336-9708-098d45f54919,2007-06-22,0.0,0.0,0.0
ipo,2eadc665-593a-c934-5088-a7490b7aa47d,1978-01-13,0.0,0.0,0.0
ipo,ed94c16a-401a-e535-06d7-d2b8bd2f126a,1999-11-26,7.0,42000000.0,7500000.0
ipo,b4041d82-527a-589b-0538-797a43b2b4ee,2010-06-11,0.0,0.0,0.0
ipo,014be8c3-43b1-83eb-32db-95bfd3bbc565,1978-01-13,0.0,0.0,0.0
ipo,9652c9de-5056-588f-334d-d64828b8c6ab,1999-11-19,0.0,0.0,0.0
ipo,7b7e520c-b096-b774-d6cc-6bd6fd202d4b,1986-10-03,0.0,0.0,0.0
ipo,830cfa20-b827-2747-497a-6464a6a14c88,2004-12-17,0.0,0.0,0.0
ipo,a9b18f40-1b7b-9cd2-f902-9578935759e2,1999-08-05,0.0,0.0,140000000.0
ipo,d6b3fb92-8110-699c-22db-b550208e2e07,1997-07-30,6.0,0.0,6000000.0
ipo,99f47370-de53-a826-5682-29f1c25eab95,1992-12-24,0.0,0.0,0.0
ipo,e37c6388-712c-2beb-e41f-905e02966dd4,1993-07-02,0.0,0.0,0.0
ipo,c1eb0c7f-f90e-e484-2e87-a5b9c3fb3267,1997-12-26,0.0,0.0,0.0
ipo,5a347481-6d7c-0904-8883-447eaccc647c,1983-11-11,0.0,0.0,0.0
ipo,a7bade90-87f9-4915-02e2-6f3d4ab241ec,1978-01-13,0.0,0.0,0.0
ipo,2fe51c14-f2de-525b-03a6-37ef8e8d7577,2011-09-16,0.0,0.0,0.0
ipo,d228d1b4-6f94-f8b0-a09f-04a15d7d695e,2000-08-25,15.0,271000000.0,215783800.0
ipo,14798525-7ebb-e75e-6430-39d96e3d7519,2000-04-20,0.0,0.0,0.0
ipo,14140ff2-e88b-fd43-77ba-43d0a4675402,2005-02-25,0.0,356870913.0,0.0
ipo,1c27caa3-2866-23a6-70bf-66d56c64a705,2000-01-14,0.0,0.0,0.0
ipo,481edf62-4dea-e904-0c40-25ad69c88b8e,2010-09-30,13.0,275000000.0,210600000.0
ipo,9f7c5e15-964d-5cb2-5c14-24f4429544c4,2009-10-23,0.0,0.0,0.0
ipo,b94638c5-96dc-7520-da9f-df708a0d27e0,2010-07-02,0.0,0.0,0.0
ipo,0b39d799-08e1-9105-d558-38e1d1a311d8,2007-05-24,9.0,0.0,48600000.0
ipo,f29e80e1-4703-de70-05cf-e28cf720b47e,2007-06-22,0.0,0.0,0.0
ipo,240928c9-dc49-cc68-941b-6c329699c7f6,2007-11-20,0.0,0.0,0.0
ipo,fd36ee31-93f7-ee5b-a40b-bf3014eba300,1990-07-27,0.0,0.0,0.0
ipo,28c80ced-140e-540c-a213-2d92357cb21a,2006-02-10,0.0,0.0,0.0
ipo,141869e6-372f-b3cd-7a00-7956155799d8,2001-10-12,0.0,0.0,0.0
ipo,548a48e5-9c1a-78fd-81b3-7a5483cfc765,1996-06-28,0.0,0.0,0.0
ipo,ac06182d-78f4-d8a5-6749-6271d5329bac,2003-01-10,0.0,0.0,85500000.0
ipo,46ddad0d-b92f-8188-bc2e-21aa17a80acf,2010-07-02,0.0,0.0,23000000.0
ipo,ceebc7b5-7ea4-0587-26ce-fdee0798941e,1998-08-14,19.0,0.0,399000000.0
ipo,f9ef7e3e-320c-3e5f-d039-4d11663d6eeb,1978-01-13,0.0,0.0,0.0
ipo,86a166ba-3fda-e2c6-518a-ba0758f6b5a8,2001-06-15,0.0,0.0,0.0
ipo,43281a7e-5c60-88d0-83a7-f0f9d674f4ff,2004-12-16,17.5,0.0,114400000.0
ipo,8b6a6a56-9535-3ad2-881d-3f9a4d7c318b,1993-06-18,0.0,0.0,0.0
ipo,bf2f5ab4-4f67-538d-373a-201f1b7b48d2,1995-06-02,0.0,0.0,0.0
ipo,8b69af97-cb83-b6f0-789b-45f6f4211171,1983-12-02,0.0,0.0,0.0
ipo,b1c5d726-1242-7ae0-98d3-71e4f0c6578d,1985-04-26,0.0,0.0,0.0
ipo,dd6bd7d4-36ba-3f80-d849-a182703cddd2,2006-03-15,0.0,0.0,0.0
ipo,24abd633-30d7-7905-dc10-2c579303c487,1999-06-23,0.0,0.0,115000000.0
ipo,ff2a52e3-3edd-66ca-0607-598d8d8b74c6,1995-03-24,0.0,0.0,0.0
ipo,18588a9f-972a-b006-c107-b405660a3de0,1997-02-13,9.5,0.0,27550000.0
ipo,61030db0-e7a6-99f3-1af1-42665ff79066,2002-06-06,0.0,0.0,0.0
ipo,d5b9d6ac-97a8-1abf-c138-5c548d4acb38,1978-01-13,0.0,0.0,0.0
ipo,0002da99-6654-1ecd-79c6-8064a01ebfa6,1983-12-23,0.0,0.0,0.0
ipo,f96c0149-d245-d86b-d0b5-5b2040f5bec4,2005-09-07,0.0,0.0,0.0
ipo,9433c720-d06a-4659-11de-eda475973532,1999-07-23,10.0,0.0,80700000.0
ipo,7f693ef5-8ff9-e713-e23e-c2df90f7431c,2013-01-18,0.0,0.0,0.0
ipo,66120225-ce40-6f20-2021-0c5e363a2e26,2005-12-23,0.0,0.0,0.0
ipo,0f9210c1-6db2-f0bf-72fb-521bddf861a2,1983-09-02,0.0,0.0,0.0
ipo,65e59b68-f5a3-557e-202b-0e30ad5197e5,1986-05-09,0.0,0.0,0.0
ipo,4f9f31eb-c970-4c16-4488-ddf9ad5af9b0,2009-08-14,0.0,0.0,0.0
ipo,41549431-244b-2acc-bc7e-7b2e95901aa8,2003-01-10,0.0,0.0,0.0
ipo,f9977da6-b767-3ce8-8bf9-c9e29559905c,1984-12-21,0.0,0.0,0.0
ipo,973bd74f-658b-e011-18a2-9ad2d32893ed,2000-04-14,0.0,0.0,0.0
ipo,25ae9442-0e1e-e83a-38fd-01eddf2adf13,2004-10-05,0.0,0.0,0.0
ipo,bfb21f86-4e2d-d2a3-7d51-30e228444f5f,1995-12-01,0.0,0.0,0.0
ipo,b10a559a-12d2-54a6-d9ce-090b78cff8ce,1999-11-19,19.0,950000000.0,154800000.0
ipo,9a749d78-85be-1feb-b0a9-327687b84ec6,1978-01-13,0.0,0.0,0.0
ipo,aaa4a215-5105-818e-55f9-b956a80f4dac,1991-09-27,0.0,0.0,0.0
ipo,82632c9a-cdad-dedd-cc2d-e8f3a9a874e9,1997-07-03,10.5,0.0,31500000.0
ipo,af8b212c-e611-64f9-9904-2f373b1d42d6,1994-06-17,0.0,0.0,0.0
ipo,a411a994-9881-d956-e6aa-64adf1f4495b,1978-01-13,0.0,0.0,0.0
ipo,0fe46467-2c30-bbdc-683e-54d3add6603e,1982-09-17,0.0,0.0,0.0
ipo,d4b470d7-e885-16b4-b475-bfa80f54dc2f,1994-01-28,0.0,0.0,0.0
ipo,e3559f05-1dfd-dc66-4bf1-56e9e84229d0,1984-06-08,0.0,0.0,0.0
ipo,780f15df-763b-a9a3-d308-17fa8c069753,1978-01-13,0.0,0.0,0.0
ipo,131bebdc-b2ff-4b34-97f4-4655d8c40333,2002-02-08,0.0,0.0,0.0
ipo,63eb028f-a6a7-c38a-099a-8a5dcc775f49,1992-04-24,0.0,0.0,0.0
ipo,19764d6c-c0e2-5818-4d0e-73d7cf9a56db,2006-05-16,0.0,0.0,0.0
ipo,fb2636ff-6f89-0036-569a-a8843229825a,1995-04-28,0.0,0.0,0.0
ipo,1ba7b7e3-1607-84cf-8cf9-4b02e2d1eb96,2001-08-31,0.0,0.0,0.0
ipo,99613b4e-dbc9-29a6-b810-c6c3157c505e,2000-11-02,0.0,0.0,0.0
ipo,05d014ce-de66-2656-56d2-793e567a994e,1990-05-25,0.0,0.0,0.0
ipo,bfb0edb5-ce98-c80f-5153-94bcc28447f1,1994-08-19,0.0,0.0,0.0
ipo,74f97e6d-5a8f-807e-0739-b5f32bb29466,2005-02-04,0.0,0.0,0.0
ipo,1b5df3be-0a69-f30f-17d0-acd0becd5969,1978-01-13,0.0,0.0,0.0
ipo,760a4837-77df-2014-6988-bde02e83330d,1994-12-16,0.0,0.0,0.0
ipo,0e1e9d57-5c31-23ed-1d3f-052276d7dea8,2011-01-26,0.0,1600000000.0,0.0
ipo,e6e1f6ca-d2c5-4a0a-ebef-14dc3862d375,2008-07-28,0.0,0.0,0.0
ipo,bd50b2cc-ee3e-d8f2-7b3c-c7cc77fdb434,1986-08-29,0.0,0.0,0.0
ipo,1c89f169-34bf-7038-d612-4fe01c65c481,1996-03-08,0.0,0.0,0.0
ipo,b86db88a-10c4-0bdd-b470-614de0e2632d,1995-06-30,0.0,0.0,0.0
ipo,d807b22c-328f-0aec-a29a-4d74adc9d504,2009-09-09,9.5,0.0,109000000.0
ipo,3309451a-a9d5-ea52-5ef6-61049d00878b,2002-02-07,16.0,0.0,115000000.0
ipo,bc98f9fc-c1fb-1478-c817-01e58b3e23b7,2007-02-16,7.0,0.0,49000000.0
ipo,28e3f81c-ec90-d30c-8aff-5a94375e36bd,1990-03-26,0.0,0.0,0.0
ipo,9fdb3e16-b597-0d60-a9e1-e4b64ee1c1f8,1985-07-01,0.0,0.0,0.0
ipo,942bc052-be5a-6aa9-d7fe-19acf9504b7f,2010-12-15,23.0,0.0,291500000.0
ipo,1e4d1231-8619-456a-f265-2dd734a76a2a,2010-07-23,0.0,0.0,0.0
ipo,dff6b273-e29f-edc0-6898-b4279b58d031,2004-07-19,13.0,0.0,1490000000.0
ipo,d7724687-d817-8a9a-2b90-823ffba3c455,1994-10-27,0.0,0.0,0.0
ipo,49724b38-cc60-166e-dfd3-307d2d8dd4ec,2012-05-18,0.0,0.0,0.0
ipo,d1a2a7dd-099d-71ad-869c-0cf6bc5e0204,2008-01-22,0.0,0.0,0.0
ipo,aa320353-a1eb-5368-8a51-f39e27954f90,1983-05-01,0.0,0.0,0.0
ipo,bbd3ae58-58e2-d81c-42bf-97d4a07ac0d1,1995-12-01,0.0,0.0,0.0
ipo,0b020611-9519-6efe-f3e2-7085bd902b7c,2000-03-17,0.0,0.0,0.0
ipo,d6a1a2c3-0c6d-f901-13f6-0a4cd56372a8,1978-01-13,0.0,0.0,0.0
ipo,c182f6d9-136a-88bb-bb84-9a8dedfd0bc2,1978-01-13,0.0,0.0,0.0
ipo,6d5b5b20-637a-57da-586b-af71e3d43f1e,1978-01-13,0.0,0.0,0.0
ipo,4500ebd6-9619-7c36-e804-6115920c5ac4,1981-11-27,0.0,0.0,0.0
ipo,8ab63472-1fc2-9c80-06d7-48ed9fc5bad6,1999-08-06,0.0,0.0,0.0
ipo,57a97a3c-fbe9-d1ae-6b5b-ddb490c5e88e,1999-11-26,0.0,0.0,0.0
ipo,f1807e85-9dd7-28c1-216c-a8992cbee3a7,2002-12-27,0.0,0.0,0.0
ipo,8cf01526-2480-7174-90ce-9eba336e1433,1994-03-25,0.0,0.0,0.0
ipo,aea2bd36-40c4-0d78-efaf-9506b3d31ee8,1997-02-04,17.0,0.0,46700000.0
ipo,9909971c-d10d-358b-0eef-52198e16572c,1992-03-27,0.0,0.0,0.0
ipo,921c3d4f-8924-7462-1f24-6ae0b4bc8365,2004-05-07,0.0,288198450.0,106250000.0
ipo,01131276-e9bc-e0d4-7abc-b73062b834fe,1981-06-19,0.0,0.0,0.0
ipo,b5e757b4-bb3d-fcbe-affb-db3299c070d3,2001-10-05,0.0,0.0,0.0
ipo,d796bd34-f6fa-385e-f95b-fe3d7e9b5a4b,1996-01-01,0.0,0.0,0.0
ipo,157c190a-5ed8-3787-4eb4-0e776671a8a9,2002-09-13,0.0,0.0,0.0
ipo,d8995bc8-7c60-ca8c-cd7d-c2ba0fa77888,1991-07-26,0.0,0.0,0.0
ipo,2d717b0f-d110-b173-64eb-f443520ca8b8,2004-02-27,0.0,0.0,0.0
ipo,5835d50f-decf-6532-54a0-e85bd1b02149,1991-12-20,0.0,0.0,0.0
ipo,23bc3a25-1241-067e-aee4-d51f6f5acfde,2005-08-04,10.0,0.0,106000000.0
ipo,cdc11a49-d09b-48ce-d1ab-30f3c09c2cbc,2000-12-08,7.0,0.0,35000000.0
ipo,75bca4c9-4c3e-018f-0a72-be2860a7bb44,1992-12-16,0.0,0.0,0.0
ipo,9dbcdc8e-6a6e-dd40-51c3-26d7ec27f354,1978-01-13,0.0,0.0,0.0
ipo,71ca7b32-b98c-194e-6924-beee2ccb94b4,1978-01-13,0.0,0.0,0.0
ipo,ce728f06-aac7-cfc9-9d79-a21f494c50ea,2005-09-09,12.0,0.0,76800000.0
ipo,4c2c4d5f-6f75-521e-853a-22e204d2ab04,1987-03-05,0.0,0.0,0.0
ipo,1a44655c-55e3-a819-d7bb-5bf888e16de7,2009-11-20,0.0,0.0,0.0
ipo,dae9dcbb-b5a1-8adf-8ae6-56e18a4bdcbd,2000-04-07,17.0,0.0,76500000.0
ipo,dd0b539f-6245-734e-d40f-63fb0f1da11b,1999-06-04,19.0,497000000.0,71000000.0
ipo,4b0e6b76-e58a-c010-f690-f7996ba1ffaf,1978-01-13,0.0,0.0,0.0
ipo,3400d2c4-9d1f-48e9-55cc-fbeabe26f4f4,2006-07-01,0.0,0.0,0.0
ipo,e5ff3e1d-3868-b687-514b-6e6d45ba07d1,1981-12-18,0.0,0.0,3200000.0
ipo,0ff725dd-62b6-5240-8fde-cfacd71a51d7,2010-06-16,0.0,1060000000.0,0.0
ipo,8cb2acf2-8033-c8b4-0891-668beb551352,1981-12-24,0.0,0.0,0.0
ipo,42f7b3b9-6fc5-d3b8-5b55-bf939bc1accb,1995-06-09,0.0,0.0,0.0
ipo,64727da5-59d8-2d8a-eda8-06e1a9d71916,1993-02-19,0.0,0.0,0.0
ipo,546d3969-f9d3-1e43-bda5-5d989faf04ca,1995-12-15,0.0,0.0,0.0
ipo,a2da29d5-5c43-b3e7-5669-9b793fb95ea2,1999-08-01,0.0,0.0,0.0
ipo,1a982b5e-faba-4dcf-d76f-4187cb6a179b,2003-09-29,0.0,0.0,0.0
ipo,ac1b64f5-4012-c3f9-59c0-1f48f1df3f5c,1991-08-02,0.0,0.0,0.0
ipo,c9462d0d-7c0b-cf4e-899c-706310ae7d99,2013-10-17,0.0,0.0,10000000.0
ipo,1b8932fa-d91d-b048-806b-df0dc123a07a,1996-06-28,0.0,0.0,0.0
ipo,c22e32e3-88ff-0cd2-2a77-e4d570c7affb,2000-07-25,10.0,0.0,68000000.0
ipo,94de5813-3875-ac21-1749-e8da20e80e3b,2003-01-10,0.0,0.0,0.0
ipo,425b7550-457e-97a3-7ba1-e786a6280105,2004-04-30,0.0,0.0,0.0
ipo,d98fcecb-aa30-654f-095f-519035468059,1978-01-13,0.0,0.0,0.0
ipo,60968f0b-576f-9efc-07fa-f6893d8e7ed0,2005-06-17,0.0,0.0,0.0
ipo,e5189356-e285-57d6-7fe6-93d0de630d36,2011-08-17,0.0,174000000.0,0.0
ipo,c11879cf-506c-b961-2ff7-3e84fad993e6,1993-02-19,0.0,0.0,0.0
ipo,64a27b10-4474-97e0-8832-31e9efb9d2b6,1990-03-09,0.0,0.0,0.0
ipo,925f5e67-36eb-4b48-7d2d-8f18277c7430,2011-05-11,10.0,0.0,50000000.0
ipo,7585f8de-cebf-1584-424e-a0129971ab3f,1978-01-13,0.0,0.0,0.0
ipo,f98bc415-c963-7120-c9e9-2836f6fafbc7,1993-12-03,0.0,0.0,0.0
ipo,1829f879-6df0-8c63-bbc1-6b4b4169efcb,1996-07-05,0.0,0.0,0.0
ipo,315e1e59-3784-ab73-9c4a-447d2616ae82,1998-08-14,0.0,0.0,0.0
ipo,843a5840-ee75-9799-dff7-4376baeff20b,1995-08-25,0.0,0.0,0.0
ipo,db6dad1a-0535-012f-6a50-4f3df6252e29,1999-10-20,0.0,0.0,60000000.0
ipo,08d51cae-be39-b100-3b67-ac226f7ef4d9,2000-08-11,0.0,0.0,0.0
ipo,b0c66526-911d-6844-b99e-65adc1743024,1978-01-13,0.0,0.0,0.0
ipo,54215a50-26f0-7f05-83a9-9830cf708a3c,1988-04-08,0.0,0.0,0.0
ipo,3bcf8eaa-2b95-2a35-5120-1ea3618c90ab,2002-04-30,24.0,0.0,432000000.0
ipo,2aea7dfb-0cdf-e3e6-6334-3027c83e2d9a,2002-01-29,0.0,250602572.0,55000000.0
ipo,f011a5bc-a3f0-1bf4-dad8-efdb73ea6c80,2007-06-29,0.0,0.0,15000000.0
ipo,3044dfc2-1515-718e-d1cc-2acee5327b99,2000-11-14,0.0,0.0,0.0
ipo,2e8d66b7-f181-498a-e813-2a033fb54aad,1995-08-18,0.0,0.0,0.0
ipo,258f0438-4265-2b1c-3fc5-d0cb615de78e,2002-02-14,0.0,0.0,0.0
ipo,83736774-ccac-0c60-42f4-b77f409c2069,1991-07-25,0.0,0.0,0.0
ipo,57b6bd82-07d1-50be-da2a-45fabbe98fb8,1991-06-28,0.0,0.0,0.0
ipo,a34a2f36-5ede-a785-be1b-b5f5b9495003,1998-04-01,0.0,0.0,0.0
ipo,9d766946-60d5-b9c2-53cf-29f8ad6cbcdd,1989-11-17,0.0,0.0,0.0
ipo,04c517e9-aa90-b096-7977-9a5e53d7bbdb,1985-09-27,0.0,0.0,0.0
ipo,217f173a-2f9e-16bc-cd71-51204f6cefe5,2010-05-07,0.0,0.0,0.0
ipo,d8bef540-51cd-db0e-db46-a8f08ad35528,2009-07-01,0.0,0.0,0.0
ipo,b6acfed7-1b71-a1ae-3189-5b3745d70f17,2011-12-27,0.0,80000000.0,0.0
ipo,d02f166d-c4f4-133d-0923-16866bfa5bea,2008-11-17,0.0,0.0,0.0
ipo,ce9abfcf-7a3d-b8c9-67ef-574e186ba7c2,1998-07-02,0.0,0.0,0.0
ipo,60c14dcb-789b-edd0-1f68-8a10f02bc9fa,1984-05-11,0.0,0.0,0.0
ipo,b8c3c786-9fef-04df-1022-57ae2b1cb8e8,2011-06-09,0.0,0.0,0.0
ipo,68679bbc-fc8f-514e-6008-9c017526a307,2010-10-15,0.0,0.0,223300000.0
ipo,82dc4fa8-1ca0-04ae-f819-ac36aff457f4,1995-06-23,0.0,0.0,0.0
ipo,f4d875b3-3500-0fea-c9ae-46f12f190c50,1998-05-22,13.0,0.0,50000000.0
ipo,7f6a7914-142b-fbfb-97f6-b17320de9333,1992-03-06,0.0,0.0,0.0
ipo,d2d2d14c-84ed-a85c-3e3a-52eb330083e2,1978-01-13,0.0,0.0,0.0
ipo,6d42a4ec-4ca9-66b8-2fc1-d27d5f0631b1,2005-04-29,10.0,650000000.0,154000000.0
ipo,6cd88724-ab23-450a-c0ed-0326be574bcf,2012-03-22,19.0,0.0,161500000.0
ipo,c4f1a0e7-0e1e-6219-d4a9-2c10b4a34e1a,1992-01-20,14.0,0.0,56000000.0
ipo,f465ec61-90a8-adcf-3190-a3ccd2a0e2f5,2012-04-13,0.0,0.0,0.0
ipo,5d461cf4-3bc4-d792-d142-cb2c0c1bac20,2011-01-12,0.0,0.0,0.0
ipo,c66a6776-37f6-301b-6938-9dd218005bb6,1978-01-13,0.0,0.0,0.0
ipo,b3bac9d0-5439-2608-1606-70e9a2d8f22d,1993-10-15,0.0,0.0,0.0
ipo,c331f266-44d9-dff6-5e01-240a2831c494,1992-02-26,0.0,0.0,0.0
ipo,350f3ee6-b803-be64-7191-dc4ecbe63acd,1991-08-15,3.44,0.0,0.0
ipo,738875f5-bacc-f940-a8f0-b339f0730166,1990-01-02,0.0,0.0,0.0
ipo,a0f836c0-440f-f803-9dfb-99780507a97e,1991-11-15,0.0,0.0,0.0
ipo,cfc22347-830c-2ce3-313b-567e7cb370bc,1988-03-12,0.0,0.0,0.0
ipo,dee278b0-4397-2f21-818f-4820f5c2703d,2000-06-30,0.0,0.0,0.0
ipo,67973798-ac6a-b8f2-0077-9550256505fd,1986-12-12,0.0,0.0,0.0
ipo,427e8f37-684f-1cdf-cc36-a1ee0faf9701,1999-08-20,14.0,0.0,84000000.0
ipo,48c280e3-7c4d-102a-9f8d-a2b221d64404,1989-06-09,0.0,0.0,0.0
ipo,0c4a1fcb-97f4-9b8b-35e6-8b4425c50b7a,1999-05-14,0.0,0.0,0.0
ipo,1880003e-1787-d414-f0a7-20ee85f4df2c,1978-01-13,0.0,0.0,0.0
ipo,1a8d429b-c1a2-4788-fe84-1eb0975dbc60,2001-04-12,0.0,0.0,0.0
ipo,1c41f4ce-92b4-371f-717b-69f7b8386dd0,1994-11-18,0.0,0.0,0.0
ipo,1a9a2d66-1d24-af97-f30b-54b34e0b18ee,1979-01-05,0.0,0.0,0.0
ipo,7b1f60a3-9e2c-1ced-bd54-31eade6f8b5a,1978-01-13,0.0,0.0,0.0
ipo,dde861cb-7911-727f-2961-b01b6fae3ae8,2011-09-09,0.0,0.0,0.0
ipo,87080248-e519-1749-3b6b-4899f197f358,1980-12-12,0.0,0.0,0.0
ipo,8f7a0af0-5b16-e13c-523d-c89326d867fb,1999-01-15,0.0,0.0,0.0
ipo,4dc8bfc5-5358-0bb0-ec49-fd72740a8392,1978-01-13,0.0,0.0,0.0
ipo,52f4bdc1-5c4a-2ccd-837d-133a0a578cda,1995-12-15,15.0,0.0,0.0
ipo,e0db2d90-4a42-7fd6-343a-7a84f34f63ad,1992-02-21,0.0,0.0,0.0
ipo,61e652c0-8a8d-6e82-8357-7b1dce5c2364,1978-01-13,0.0,0.0,0.0
ipo,d65bcbfb-b94e-e848-a953-bcd89ab7de00,1982-09-03,0.0,0.0,0.0
ipo,e4f6f1b4-c191-8bc2-5585-7781907b73fc,2007-09-21,0.0,0.0,0.0
ipo,9e1abf44-ab89-7e3f-1ad6-f3bd75a623bf,1978-01-13,0.0,0.0,0.0
ipo,3b45b843-259c-fd04-8e51-02a00b753744,1982-09-17,0.0,0.0,0.0
ipo,d1b0e72f-2d10-2f9a-2c54-c567775e38f6,2000-08-01,16.0,0.0,96000000.0
ipo,da03a0e8-f4de-707d-79e7-20e1756cef4a,1994-12-16,0.0,0.0,0.0
ipo,10b6dae6-0db5-fab0-64ce-dfc05ec97bb8,2000-09-29,0.0,0.0,0.0
ipo,dc7e0a9d-2dfc-3398-7790-50121b13e851,1996-12-20,0.0,0.0,0.0
ipo,6ee2c8e8-a33d-988c-1866-16816f5c1c83,1978-01-13,0.0,0.0,0.0
ipo,fd32fa80-742c-f5a6-027d-2bec7c74ee3b,1998-02-20,0.0,0.0,0.0
ipo,f78eb90a-f331-2a9f-a9c8-319f233552c7,1988-08-19,0.0,0.0,0.0
ipo,b04296b4-1fb8-65db-5957-539d71b19fb7,1986-11-21,0.0,0.0,0.0
ipo,9735ab58-fa51-b579-9dcc-c5d4719bd164,1978-01-13,0.0,0.0,0.0
ipo,f29ce33d-4f82-6f24-6f8e-3d8e72ba51cc,1983-12-23,0.0,0.0,0.0
ipo,7334e470-2093-285b-c5e5-60cefc39673a,2011-04-14,18.0,0.0,174000000.0
ipo,b0422dd2-b32a-efc0-a274-c65351f5c8a9,1978-01-13,0.0,0.0,0.0
ipo,488881b5-6ea3-43f1-b295-e40790ec6e96,2011-12-21,0.0,3273770000.0,0.0
ipo,b09c2dd2-6821-f06b-498d-71654b5a1202,2000-03-31,0.0,0.0,0.0
ipo,7cb5eb22-ccd0-e09c-49e2-ff35330fa7a3,2000-03-31,0.0,0.0,0.0
ipo,bec00668-8de7-ea88-7e37-a6849e49d009,1984-02-24,0.0,0.0,0.0
ipo,376db5b5-3394-6941-76c0-530c3f749632,1971-04-14,0.0,0.0,0.0
ipo,c352348d-5c10-193c-4d0c-8b1eb00bb724,2007-03-19,0.0,0.0,0.0
ipo,3a3934a6-4653-b5a5-1ebf-2206e71b7811,2000-05-26,0.0,0.0,0.0
ipo,f0b43978-2d2c-bf7e-f072-0c0493092aa9,2011-05-27,0.0,0.0,0.0
ipo,6f8312ae-9ee4-0d3f-6004-c0be7df062e7,2007-03-09,0.0,0.0,87000000.0
ipo,691a54f4-0477-36c6-dc2c-a77cc5bddd9e,2012-02-29,0.0,0.0,0.0
ipo,a7640fb3-f3db-ca77-5272-4fe5d2d37531,2008-02-14,9.0,0.0,61750000.0
ipo,c1715bd1-e1b9-777a-c7fd-d1736d3c1d3b,2007-11-01,8.0,120000000.0,41600000.0
ipo,76c1b616-34df-bdbe-4c21-0e652841217d,2011-11-11,0.0,0.0,0.0
ipo,3d934282-bdd8-b5ad-ff8a-3d56a5c11ccd,1978-01-13,0.0,0.0,0.0
ipo,ae1ec5c5-5352-cd5d-8db5-220b46626b12,2012-07-20,26.0,0.0,91000000.0
ipo,b567cb62-93ed-1344-334c-6e45444fd401,2000-07-11,0.0,0.0,0.0
ipo,66fae545-244a-d1a2-fc77-ac9b849e6538,2005-07-22,0.0,0.0,0.0
ipo,b3f4a96d-d107-14ec-c37a-e24b7f5d2e18,2013-01-11,0.0,0.0,0.0
ipo,b65f1ce0-fc68-8b05-6d07-7d24c53b7657,2002-08-02,0.0,0.0,10500000.0
ipo,3a4f0bac-b368-7410-e814-6af1a425d987,1995-03-10,0.0,0.0,0.0
ipo,92984e6a-07a3-4670-5cda-45155c989eed,2006-02-17,7.12,0.0,236839652.0
ipo,1b5ec2a5-89a4-9487-5081-0c98c1e428ce,1995-07-09,0.0,0.0,0.0
ipo,3905f5ac-377f-2597-6b9b-4c3e6a537bf8,2005-07-08,0.0,0.0,40000000.0
ipo,5b640e48-766d-0533-1018-e76c93ef418a,2007-11-16,0.0,0.0,0.0
ipo,2d926732-e662-dece-0c34-01579683f68b,2004-08-20,0.0,0.0,0.0
ipo,97d83bff-5ad0-276f-d86a-60ae78c6f59c,1986-01-24,0.0,0.0,0.0
ipo,9bfb4032-3171-8626-8226-db0299162ff2,2003-01-10,0.0,0.0,32500000.0
ipo,1e8fdce4-bc6d-f898-b078-8cd4a9c2f577,2013-03-14,0.0,0.0,170000000.0
ipo,8353a924-9b65-cf77-c69e-3c3a773cb33e,2011-04-14,0.0,0.0,0.0
ipo,2e66ebd9-8284-be63-d80f-920bcc17194f,2010-04-06,0.0,0.0,0.0
ipo,11980a04-5b87-7c0c-98f1-4a86f31880cb,2011-06-29,0.0,0.0,0.0
ipo,d95d476d-8785-06c9-abd5-88534ba60c82,2013-04-12,14.0,318420606.0,84000000.0
ipo,18054b44-bdb2-34da-61b9-158e245bc344,1983-10-14,0.0,0.0,0.0
ipo,8bb63939-c2f7-4619-b78b-64413c516a5d,2012-02-24,12.0,682274016.0,113811552.0
ipo,1342a4c0-4164-e63b-c3cb-bb21dbd83c89,2010-12-15,0.0,0.0,0.0
ipo,b1908b58-b89b-2719-422f-9c70da9b298a,1999-01-01,0.0,0.0,0.0
ipo,6f93eb0a-ac93-ebf7-aa58-1e8e9a3c3e73,2013-05-16,0.0,3000000000.0,25400000.0
ipo,7b8a066b-02cf-bda8-8537-05fd54f3607b,2013-10-02,0.0,0.0,0.0
ipo,2cc3a932-4ec5-db9c-7700-b30fd9fb4f57,2006-09-21,15.0,0.0,1000000000.0
ipo,9813b21c-63ce-8d3a-7b3c-25df7fd7ec2c,2003-01-10,0.0,0.0,16200000.0
ipo,646a576a-e924-1bae-ef35-758154396446,2013-05-21,0.0,45475561.0,5881506.0
ipo,c096808b-c431-7c42-8b73-ccef71528fed,2003-01-10,0.0,0.0,0.0
ipo,a69f9a25-e9c1-54f9-8b8a-76933ffef86d,2000-01-14,0.0,0.0,0.0
ipo,9245a864-009c-326a-4f32-08871cd24f59,2013-05-21,0.0,0.0,40000000.0
ipo,c209f6cc-c393-2610-4a18-8404e40dab1b,2013-05-23,14.0,286601854.0,80500000.0
ipo,1374cad2-991e-ba95-1dbd-3ab7833de0b0,2013-05-22,0.0,232000000.0,77000000.0
ipo,0c8bdde1-4693-5baf-c4e7-f1040fc103ea,2007-12-12,8.5,0.0,65000000.0
ipo,e0b6676e-e2c6-5056-971e-4a5dd8323cef,2013-05-22,0.0,1100000000.0,333000000.0
ipo,d0abbf38-c5ad-f47c-4478-47bb33998430,2011-05-27,0.0,0.0,0.0
ipo,44267636-a601-da46-3b19-51916720264c,2008-08-01,16.5,2278400000.0,499900000.0
ipo,5921d7ae-9a6d-6984-c6ed-b226f0887dfd,2013-05-31,0.0,0.0,51600000.0
ipo,4e583e73-fd94-990d-c3e7-353bce42b415,2010-11-05,0.0,0.0,0.0
ipo,41f3889a-d3b5-6cf4-7f48-eb99c897e883,2013-06-14,0.0,0.0,0.0
ipo,264363b6-c479-c34f-0b4d-a1d25e1ba425,2013-06-06,0.0,0.0,15000000.0
ipo,87c58be5-6cef-2a48-fd5a-9a448fe209d3,1990-01-01,0.0,0.0,0.0
ipo,11fb9164-77c0-9e9e-2529-d22ad2d4065d,2012-01-17,0.0,0.0,0.0
ipo,d7a1c341-2245-a577-9ec4-b35c23053187,2009-06-23,0.0,0.0,0.0
ipo,7e30b100-d14c-d111-1e35-1c9745b50a06,1992-11-01,0.0,0.0,0.0
ipo,fe0c379d-9f7b-0e7d-6f67-bed8d61f78f8,1995-10-20,0.0,0.0,0.0
ipo,f72d4de9-f06f-107d-4a6d-d7e2fa711f83,2013-05-31,15.0,400000000.0,77130000.0
ipo,5f8836ad-e593-5c71-27aa-209b4b3c466f,2013-06-28,18.0,0.0,96400000.0
ipo,77aa452f-b523-5ad5-b713-4560cdf08ff5,2013-06-14,0.0,0.0,115000000.0
ipo,ee58e451-b854-425f-5f27-3cdbb3f0d61e,2007-08-31,0.0,0.0,21700000.0
ipo,d2c3ab6a-75e7-af22-8a79-09d61b46926a,2013-07-19,0.0,0.0,0.0
ipo,2edf1c1d-2550-71f3-5f50-3a1465d5328f,1996-01-05,0.0,0.0,0.0
ipo,0f9aa653-c32b-6d7f-9494-d51c77172e97,2009-08-07,0.0,0.0,0.0
ipo,d13cbf93-eb35-7f21-8a7f-e9e0917e74d4,2013-06-19,0.0,0.0,10000000.0
ipo,ad3e0653-4978-70d8-74cf-0ff3925be023,2007-08-22,0.0,0.0,0.0
ipo,27e5061a-1853-6a5e-99a8-eda0ec4250b4,2013-05-10,0.0,0.0,80000000.0
ipo,6b713a8a-bbd3-75e8-e8c9-b278ebaddab7,2013-06-20,0.0,0.0,250000000.0
ipo,7494367e-b916-077b-1275-c4902c9612f1,1997-11-14,7.0,0.0,5600000.0
ipo,634d8750-81ab-407e-00e4-7dc4ac8d36ed,1978-01-13,0.0,0.0,0.0
ipo,2788a0c0-58ed-de9f-2264-e0aaea5fb5bf,1996-04-19,0.0,0.0,0.0
ipo,d8ee7ddf-6e5e-1275-33e2-f92bea69ed08,2011-01-14,0.0,0.0,0.0
ipo,561c94b3-85a5-5c4e-5422-81eaa4a8798d,2008-07-03,0.0,0.0,0.0
ipo,f0f9e14b-8ee4-8abe-3a8e-71fe00cafa7d,2012-12-05,0.0,0.0,0.0
ipo,11a7af81-84cc-7e8b-2ad1-092a4683dee9,2017-03-22,0.0,0.0,0.0
ipo,8d2535c5-c210-9503-e540-c48a2a5ea35a,2013-01-11,0.0,0.0,0.0
ipo,33f34ca4-8f3d-d7da-ba35-effc5911b379,1997-06-04,9.0,96300000.0,18000000.0
ipo,2ad58418-7973-27c0-86ff-8b6138799275,2003-05-23,0.0,0.0,0.0
ipo,db56fdb2-7f68-1b3e-4d08-0c6d6130a1cd,2006-08-06,0.0,0.0,0.0
ipo,ed5c7b8d-7bab-01c6-e811-54ab5b717d08,1978-01-13,0.0,0.0,0.0
ipo,dde574a1-0605-bafd-2988-2a3f82807bba,2000-07-21,0.0,0.0,0.0
ipo,12926e15-855c-b951-65ce-ccf82ea610e1,2013-07-09,0.0,0.0,147000000.0
ipo,b358eb18-2dfd-0124-348b-692d8b89a1d7,1978-01-13,0.0,0.0,0.0
ipo,918ce5b7-827d-62dd-ed77-2b28bcf63c94,1999-10-01,0.0,0.0,0.0
ipo,42e8b6fc-6220-9e63-05e2-3dde74440368,2011-08-05,0.0,0.0,0.0
ipo,f4d64d0c-9210-4af7-8479-554c4d4a1cb8,2003-01-10,0.0,0.0,0.0
ipo,36f7b674-96d0-5858-d10c-8964ff959c82,2008-01-17,0.0,0.0,0.0
ipo,57ae06b8-f3c9-3b35-2117-5a59b6769cb2,2004-06-10,11.5,210000000.0,69000000.0
ipo,b87a29bd-94ef-a50f-458d-c19bf06d5498,2011-05-04,19.0,1096000000.0,160100000.0
ipo,f4b702ec-b652-da8a-4f4d-b4f513c8b2c7,2008-11-28,0.0,0.0,0.0
ipo,d9c85b59-d61d-c85c-41f4-df7c0201baa4,1999-03-25,22.0,429000000.0,187000000.0
ipo,23d788d3-52e1-25b7-4ff7-a0136d64db23,2010-01-22,0.0,0.0,0.0
ipo,b3457e08-201d-c51c-0cdf-8d94b9d084f9,2002-12-06,0.0,0.0,0.0
ipo,cc70b2f2-cc18-ae08-3848-206599ad6797,1982-02-26,0.0,0.0,0.0
ipo,879f5bee-5780-e20f-77e4-f8cfc7567832,2011-02-04,0.0,0.0,0.0
ipo,b3a7efa7-e3d3-2d4c-962c-b9fdb1da496f,2001-03-09,6.0,450000000.0,150000000.0
ipo,5b7e4c65-dca6-f3eb-55bc-5b657c5d3a32,1993-12-23,0.0,0.0,0.0
ipo,c4ef7ac2-ae22-d922-fef7-86c402dead0e,2010-02-19,0.0,0.0,0.0
ipo,1ae4ff6d-79e7-11b1-522c-6c793a7bd05c,1988-04-15,0.0,0.0,0.0
ipo,bb5dfa40-0233-5804-64da-45f493c01676,2010-07-03,5.0,115000000.0,50000000.0
ipo,3981650d-01a4-6fa2-58b6-f990c6c859ec,2007-04-06,0.0,0.0,0.0
ipo,c053713f-0fc7-d27d-5ed3-edfbe7b20110,2003-01-10,15.0,0.0,75000000.0
ipo,c7459113-6c95-ce50-c209-15cb1b99a1e9,2012-07-06,0.0,0.0,0.0
ipo,de48e757-cd1f-f49d-82c8-814f4226b130,2008-01-04,0.0,0.0,0.0
ipo,4f6a7849-3a7d-b70d-1362-b5e1ba96db92,1986-01-01,0.0,0.0,0.0
ipo,0bba26a4-d14d-dfcd-33ba-c65a0bcfea94,2012-05-23,0.0,0.0,0.0
ipo,03faee90-2e56-1716-d144-e539afa7db39,2005-08-12,0.0,0.0,0.0
ipo,5575c519-4c1c-8536-7901-e29fe989201d,2013-08-06,0.0,0.0,0.0
ipo,35d00e9b-ab0a-8436-d3d0-31c4145134e6,2013-08-07,0.0,0.0,0.0
ipo,e15dcb77-164e-ea36-64a3-3bcc51549cb4,2010-04-23,0.0,0.0,0.0
ipo,72ed2b2e-ccf3-6657-5de7-4bd4835e7b49,1989-04-07,0.0,0.0,0.0
ipo,d7f73924-27fe-243c-f322-b62e9646b6f7,1978-01-13,0.0,0.0,0.0
ipo,0cf0a225-64eb-2ca3-0a51-6b91a12f3877,2005-09-29,17.5,0.0,120700000.0
ipo,0a45c268-451b-56fb-7db3-e172d31acafc,2005-11-25,0.0,0.0,0.0
ipo,86b9308c-ffae-8674-7eae-fd2660d61794,2009-03-06,0.0,0.0,0.0
ipo,5b38f4d5-03bb-00e5-1f92-c5c369f4345e,2009-05-08,0.0,0.0,0.0
ipo,d31b9250-8972-1e71-cff0-69f973181cda,2013-08-15,0.0,0.0,172500000.0
ipo,77d18d11-3684-5b67-6c2d-58e212cae83f,2011-02-11,0.0,0.0,0.0
ipo,344e06f8-6755-c4ce-036c-6fb31e44204c,2002-07-26,0.0,0.0,136700000.0
ipo,3aea9d08-689e-542d-b3a7-ba17266ccfce,1995-06-23,0.0,0.0,0.0
ipo,6987cfbd-3bf8-35c6-1f3b-12b15d3c7d49,2011-05-13,0.0,32000000.0,11500000.0
ipo,cdb065df-7cd9-3acf-4c01-291eb316ac04,2008-11-28,0.0,0.0,0.0
ipo,14441855-b989-fd36-8594-f132c4e25ad2,2011-03-04,0.0,0.0,0.0
ipo,c566642d-8529-bb96-c29a-5306311118de,2004-11-05,0.0,0.0,0.0
ipo,86d4a39b-45c7-e6c5-c413-50e8f1f23c8e,2010-06-25,0.0,0.0,0.0
ipo,6646f25f-bb21-ace3-da24-402a90791568,1981-10-31,0.0,0.0,0.0
ipo,9ad4451f-3956-d7a6-1da1-aac03973657a,2000-08-11,10.0,350000000.0,60000000.0
ipo,6c7f8297-ff69-e5bc-f56d-9c629faafff4,2011-01-14,0.0,0.0,0.0
ipo,af1cb234-2108-fc02-272a-5ade65278655,1995-11-20,0.0,0.0,0.0
ipo,1fa0d39e-a68d-6e20-daf2-f93daf0f787a,2008-05-30,0.0,0.0,0.0
ipo,27a2c2f4-0dc1-398b-97dc-8cbeb490e1cf,2005-11-18,0.0,693108896.0,232240000.0
ipo,3b5c2623-0710-55c2-58aa-cf8b3da72ace,2011-05-10,0.0,0.0,72000000.0
ipo,71213bcb-9569-a838-3d0b-e99ba6afe9cb,1978-01-13,0.0,0.0,0.0
ipo,b5a96cd7-044d-70f0-04c5-f125e57a4b35,2008-06-20,0.0,0.0,0.0
ipo,ab912196-35a3-5a99-3862-9609b6b2ba96,1978-01-13,0.0,0.0,0.0
ipo,f9f780c6-d084-d38a-e125-e98b17e30712,2007-05-18,0.0,0.0,0.0
ipo,9203e39d-8100-f96e-e1f5-7c856e6d0955,1981-04-03,0.0,0.0,0.0
ipo,16e46ddc-9dbd-f34d-de48-bd09fc2a3232,1980-06-06,0.0,0.0,0.0
ipo,0e8aeaff-bbd3-cebc-7b8d-dedb6c239b11,1978-01-13,0.0,0.0,0.0
ipo,25745e2f-8996-6c5a-bd0d-e102463b1276,1978-01-13,0.0,0.0,0.0
ipo,33781e0b-7ccc-d104-e3c6-3bb0f2e49dc7,1999-07-30,8.0,0.0,8000000.0
ipo,bddde3d0-8294-85c0-e521-7698ab21737a,2009-11-05,13.5,572000000.0,99900000.0
ipo,f4a46ffb-d12f-e62c-6832-a8c67e87607b,1999-12-03,0.0,0.0,0.0
ipo,42672805-dcd9-e118-8d77-a24648afe20d,2007-08-24,0.0,0.0,0.0
ipo,c93a55a9-7ac7-0e1a-58cf-6642d8339019,2013-02-05,0.0,0.0,0.0
ipo,1f46d2ef-992a-3eec-75b3-2a7a6f0a3358,2015-07-03,15.0,0.0,75000000.0
ipo,1f2d7988-b461-f905-b8ab-c9a773063bd7,1978-01-13,0.0,0.0,0.0
ipo,70d38275-5a5f-e583-b308-321618fdb15d,2000-10-27,13.0,687000000.0,71500000.0
ipo,5c3f751b-44b5-7390-7613-c6c623485d15,1999-08-13,0.0,0.0,0.0
ipo,11fd7aac-7567-5922-685f-93cc5d40865f,1987-07-10,0.0,0.0,0.0
ipo,c9262db1-73b5-bd7c-edc4-443f21ad0690,2007-03-09,0.0,0.0,0.0
ipo,cbee35a0-ab0f-38e4-79ff-dbfa64c2f0d9,2002-03-26,0.0,0.0,0.0
ipo,3a7272dc-af88-8247-ee5b-ec7dba0fe76a,1994-05-13,0.0,0.0,0.0
ipo,96fb742c-3b18-60db-f179-d64913640fd6,2008-01-11,0.0,0.0,0.0
ipo,a9d8ce09-b7aa-5415-7f98-f7b41b046af6,2003-01-10,0.0,0.0,0.0
ipo,53da279c-e486-c6f3-6f0b-83345bbd46b2,1999-11-26,24.0,784000000.0,120000000.0
ipo,b0a49fae-35e6-0135-6f9f-fbcfb6f602eb,1996-11-27,0.0,0.0,580100000.0
ipo,2fbf8bbc-7db0-dfb1-97fc-558051888531,1991-05-24,0.0,0.0,0.0
ipo,49894480-35bf-82ff-ae86-330794d742c4,1995-11-03,0.0,0.0,0.0
ipo,e5e1519e-5fb5-ea84-8aa1-53ff87fca4f1,1995-07-21,0.0,0.0,0.0
ipo,a90a2792-7fc3-c23e-836b-7b6271ec772d,2002-07-12,0.0,0.0,0.0
ipo,b183912c-8985-677b-2493-01b5b628d8f1,2013-09-03,0.0,0.0,0.0
ipo,9a62e15e-4a3b-5e39-6c7f-8d5596c650fb,2013-06-25,0.0,0.0,0.0
ipo,8fd89cd0-421a-f512-65ea-da7f27a9a276,2003-10-16,0.0,0.0,0.0
ipo,55cc0d57-162f-4440-907a-c6ca8631b182,2013-07-26,0.0,0.0,0.0
ipo,288f054d-2531-8af9-6dcd-a9a44e670900,1988-10-07,0.0,0.0,0.0
ipo,35eee95f-db61-6ab6-b379-9b016b6dff46,1996-11-01,18.0,0.0,360000000.0
ipo,99931bff-be41-3c3b-3b76-4fede79cc5a0,1999-11-10,50.0,0.0,5470000000.0
ipo,04eb9be3-4736-9a75-838a-987f5adfdaee,2009-11-20,0.0,0.0,0.0
ipo,a937f379-f153-ccbc-13fc-6f59f6f6c5dd,2008-09-15,0.0,0.0,0.0
ipo,0ee9c7a6-ddff-0f0f-213a-e23d63f76bcb,1996-09-09,0.0,0.0,0.0
ipo,0fa0653b-3910-854a-a869-8ae833f85776,2011-01-28,0.0,0.0,0.0
ipo,a59a37db-f621-afb1-6d1d-ab30d5d4eeb8,1990-03-26,0.0,0.0,0.0
ipo,52cdd37c-40bf-4847-875e-ffc447fa5950,2007-03-13,5.25,0.0,8793750.0
ipo,eb78e86b-ecc2-a65f-5911-af821219a41f,2005-04-15,0.0,0.0,0.0
ipo,9c8df1f0-57c5-bcc7-a7f4-8ea9264dfa51,2011-02-15,0.0,0.0,0.0
ipo,323ea1f5-198e-511f-cd7a-11731dc681dc,2002-06-28,0.0,0.0,0.0
ipo,82669160-969a-92da-eb44-3ef775925ed8,1999-05-14,0.0,0.0,0.0
ipo,d176daf7-f3b6-c350-1e7d-ce7ea7fc1240,1998-12-16,11.0,0.0,14850000.0
ipo,2efa7dbb-2225-3950-8ca1-7011f2d8059d,1999-02-19,0.0,0.0,0.0
ipo,cb9be1a5-f73e-959b-15b7-f6be0d6fe2e7,2000-02-25,0.0,0.0,0.0
ipo,2232f485-bb96-c3c0-c88b-548cdffeb2f0,2000-04-14,0.0,0.0,0.0
ipo,dcc150f2-43de-4f3d-68b0-2b370ff3e74a,1999-03-12,0.0,0.0,0.0
ipo,86033a29-8e1f-784a-967b-f8c2bd9108cb,2010-04-07,0.0,0.0,0.0
ipo,38d64c25-7427-102f-d3ea-68ee0623217f,2000-02-18,0.0,0.0,0.0
ipo,1f870bd7-0a2d-b8ad-05db-19bd0e75d2b3,2013-06-14,0.0,0.0,0.0
ipo,0e7ac1d2-8fd1-c448-102c-20b707aad5f8,2000-01-01,0.0,0.0,0.0
ipo,8e9815b3-9690-cfbb-1a41-e51e9bcda651,2008-09-22,0.0,0.0,0.0
ipo,d0509b4d-0ac5-9737-7fcf-bc1092c43e7a,2010-06-11,0.0,0.0,0.0
ipo,b7c62a8e-ee87-3405-b7a1-0a05d852bc79,2014-01-29,0.0,0.0,0.0
ipo,8859aa4c-add0-3cc5-65a1-2123a5081b17,2011-05-27,0.0,0.0,0.0
ipo,32f04239-2874-a9db-83e2-4049521b40e4,2012-06-01,0.0,0.0,29000000.0
ipo,9249e8b6-409a-a80c-1a1e-29ae21b1db47,1978-01-13,0.0,0.0,0.0
ipo,cb871451-11a6-5806-5064-c85bd37a5faa,1990-02-23,0.0,0.0,0.0
ipo,4b69ba01-9409-efe3-79e8-5049278d954a,2013-09-27,14.0,0.0,62000000.0
ipo,8453cd88-0eb2-af31-411a-1c39e1b4d904,2010-05-05,0.0,0.0,0.0
ipo,bf86ccb9-ed13-74e6-9983-1f95a76ef9bd,1978-01-13,0.0,0.0,0.0
ipo,f371ee0f-66b2-ef0c-c543-4532201e3ba4,2012-01-20,0.0,0.0,0.0
ipo,50d6be78-208a-d636-968b-4b7146744ba1,2013-05-15,0.0,0.0,0.0
ipo,17e90298-e3cb-b83c-feb2-0cbb6a27622c,2013-11-01,0.0,0.0,167000000.0
ipo,db4131b9-e838-0577-2326-e72a959dbbb3,2000-10-27,20.0,5100000000.0,700000000.0
ipo,f5edea4f-33ad-9d28-e9b3-5b54f6b80ef3,2013-10-02,22.0,0.0,220000000.0
ipo,d1a67faf-d07c-bfbc-b1ae-b51fae7a7aa6,1991-12-16,0.0,0.0,0.0
ipo,9262e4fe-b4f5-7faf-791b-d8f9d40a86c6,1991-08-13,0.0,0.0,0.0
ipo,9bb7f9a0-9dba-74ad-9a5e-6bedbd5a1913,2007-06-15,0.0,0.0,20000000.0
ipo,c6dd9b92-7297-c00b-5398-1ea9358771c2,1992-03-25,0.0,0.0,0.0
ipo,56e49094-1876-b4ae-500b-4d5a880e21f7,1978-01-13,0.0,0.0,0.0
ipo,7d7f49c2-55f1-7a02-c8b9-2723422b6f5e,2013-10-04,14.0,0.0,105000000.0
ipo,883a444a-e757-7325-3c91-abccc97cf256,2012-06-27,0.0,0.0,0.0
ipo,af03e8f4-d9cc-b4c2-da5f-9207ee2ebd9d,2007-07-31,0.0,0.0,0.0
ipo,08675a21-1b9d-f55a-f693-da452b7ac0b1,1978-01-13,0.0,0.0,0.0
ipo,d28a0d70-9271-403e-e9cb-71d9b53a60c8,2009-09-11,0.0,0.0,0.0
ipo,ba6cf495-7cb8-b6c6-f965-c64349d605a4,2013-10-11,0.0,2710000000.0,226700000.0
ipo,3e7f1253-da16-d3a7-3ad5-3bb99f70c423,2008-09-04,0.0,0.0,0.0
ipo,f268cb09-5dd6-9279-7182-ae36cae08567,2010-12-03,0.0,0.0,0.0
ipo,27c257a6-9117-8e43-c683-4209d52005a8,2013-10-09,21.0,567000000.0,257000000.0
ipo,bde380a2-faef-6f99-cda3-2bc004889591,2010-04-09,0.0,0.0,0.0
ipo,da6c5b74-5b95-19cb-6faf-9026a982d51d,2016-01-05,0.0,0.0,125000000.0
ipo,fea5efdc-3e26-8f1e-1ef4-d91eb77c3fe1,2004-12-14,12.0,0.0,100800000.0
ipo,e94d7e03-1203-9afc-105e-96f0e82b3e02,2012-06-21,0.0,0.0,0.0
ipo,84e02afb-aab5-4843-c7cb-64ef8fa912f9,2007-01-01,0.0,0.0,0.0
ipo,ad992a65-ca1a-8b3d-1bca-990dc445f759,2005-06-24,0.0,0.0,0.0
ipo,c3815e28-d4ab-a6af-8817-306feba404ba,2008-10-20,0.0,0.0,0.0
ipo,fa2e5b51-33ba-affa-7c4c-09487d174ee3,2008-10-20,0.0,0.0,0.0
ipo,c7b3a6d8-a705-e4fd-98fb-9c29ab1236f1,1990-03-26,0.0,0.0,0.0
ipo,a6caf3cb-9fac-b175-3e47-591ea84f93c7,1992-01-29,0.0,0.0,0.0
ipo,955fb608-09c8-2ff3-48dc-fb5b96b49abc,2010-08-06,10.0,0.0,50000000.0
ipo,7daf673a-c6d7-0fa8-60ba-0ca19697fae7,2005-07-29,0.0,0.0,0.0
ipo,ae9dfa40-07ce-c8f6-2948-0ddf84d0a16e,2013-10-18,0.0,0.0,0.0
ipo,25ca34e3-2b2a-1e8f-13da-24c890ad853c,1998-06-23,0.0,0.0,14400000.0
ipo,25505c44-c02a-151f-a20c-f49e17800e04,2014-12-17,0.0,0.0,0.0
ipo,babef14c-613d-5051-510c-f9c259931521,2011-04-21,0.0,0.0,0.0
ipo,04e76bca-f739-16d2-329b-6d68fab35df4,1999-04-23,0.0,0.0,0.0
ipo,65613230-673b-51b5-1d83-2332d91c3e88,2003-07-18,0.0,0.0,0.0
ipo,1dfbcb32-8180-7442-02f6-c0b6390aa3fa,2008-10-27,0.0,0.0,0.0
ipo,73323a80-341b-79cd-f893-168e66b95992,2013-06-07,0.0,0.0,0.0
ipo,2df6547c-8cd0-49d8-e68c-2a63e0aaae8a,2008-01-29,0.0,0.0,0.0
ipo,36e66487-2f22-6ed8-e1c5-86127f99fa8f,2010-08-13,0.0,0.0,0.0
ipo,6d08f056-438b-8b52-11c7-6c0b411b0148,2013-03-14,0.0,0.0,0.0
ipo,4aedf067-966e-6925-f8ea-7b4f3b624b32,2012-03-29,0.0,0.0,0.0
ipo,7f2173c6-8978-3fd2-dd70-8aad5cc87a40,1996-11-29,0.0,0.0,0.0
ipo,19c9f162-0178-495e-9589-0b36a4a51106,1992-05-29,0.0,0.0,0.0
ipo,6fbdedf9-82e8-8874-47e5-e58009d4b550,2013-03-01,0.0,0.0,0.0
ipo,fe36ff01-b4ba-e623-a066-ef73c922a96f,2000-11-20,0.0,0.0,0.0
ipo,d4889b37-eaa7-4745-627b-589ff6e65c44,2004-04-01,0.0,254700000.0,54000000.0
ipo,e0a9b339-f277-adbf-1371-c5b9ee88732f,2012-01-01,0.0,0.0,0.0
ipo,ae00c6dd-ecfd-8a61-3515-0fa1a417392a,1999-04-01,0.0,0.0,0.0
ipo,ee1bfa44-1c83-a8a9-49b7-042218a21b08,1997-10-24,0.0,0.0,0.0
ipo,1392e925-a0dd-9e06-2171-a4339ba626b1,1998-10-22,23.0,0.0,4000000000.0
ipo,b8e0ed01-b94b-2599-bd5c-4b548a6bc021,2008-05-14,0.0,0.0,0.0
ipo,d7120764-254b-6d0a-82d4-08b71a203111,2004-12-03,0.0,0.0,0.0
ipo,de46453f-5921-2393-6c2c-b6a2aa2a1b13,1999-01-15,0.0,0.0,0.0
ipo,4e29406f-5c46-2be5-5128-9120b2063a2f,2011-01-05,0.0,0.0,0.0
ipo,69f0bdba-83f1-58d7-33f6-4aff7242a8b6,2007-11-05,0.0,0.0,0.0
ipo,6c99731e-095f-e600-c15f-22e33fc610ce,2008-10-30,0.0,0.0,0.0
ipo,45468f2d-6269-e4f4-1d56-e349407b5a9b,2010-06-11,0.0,0.0,12000000.0
ipo,ee4d31e2-70fb-83a7-15ec-cacf5aed848f,2008-08-01,0.0,0.0,0.0
ipo,160870c2-34fd-b1df-7df8-fcfa186ef2ab,2003-01-10,0.0,0.0,0.0
ipo,58e5d3f9-d6f3-f674-5304-beeeadc6e09c,1998-06-10,0.0,0.0,0.0
ipo,48d3c421-1897-4b13-620d-d4cc5549fbaf,1996-08-14,0.0,0.0,0.0
ipo,b47c5232-607f-3dbe-2d96-8dcc8b0d181e,2010-11-10,0.0,0.0,0.0
ipo,1c114a83-57c4-5727-1869-02c2508a074a,2003-01-10,0.0,0.0,0.0
ipo,549743f0-9d53-a854-2ca6-49ae94287682,2012-01-13,0.0,0.0,0.0
ipo,25c20dcc-2393-84dd-a309-a041aa5ec193,1999-01-15,0.0,0.0,0.0
ipo,34fb1fce-6082-b01c-f8fa-c3a7574aab7d,1983-08-12,0.0,0.0,0.0
ipo,60f29c50-869a-4011-23b4-a028e4d66cc3,1991-01-04,0.0,0.0,0.0
ipo,b02a79db-99a6-19d5-4b39-47ba122066ca,1995-11-10,0.0,0.0,0.0
ipo,1a098c9d-43e6-7331-751b-16de814fd7d8,1999-12-07,14.0,437000000.0,81200000.0
ipo,17e6d00d-a625-977a-5069-258d73ddb407,2006-07-07,10.0,0.0,45000000.0
ipo,98619312-08fd-5f7e-40ae-0252a0b8fe33,2000-01-01,0.0,0.0,0.0
ipo,16b47682-08af-2efa-37f5-b27512d06e04,2003-01-10,0.0,0.0,0.0
ipo,ac475c6d-765f-c03d-c2a6-4515028e74df,1984-10-26,0.0,0.0,0.0
ipo,4ccd2e5d-7547-bf79-8ab2-5bb720517adc,2009-08-28,0.0,0.0,0.0
ipo,7459b78d-2843-ea14-8d15-acad6abda10e,1993-10-01,0.0,0.0,0.0
ipo,548c890f-91ef-7940-0d9e-3db949f145aa,2003-11-07,0.0,0.0,0.0
ipo,32cad9b5-bf81-71a9-3cea-cab737a657af,2009-12-11,0.0,0.0,0.0
ipo,fe3bbcf2-92aa-1c86-d0e0-48233b42e4a5,2001-10-12,0.0,0.0,0.0
ipo,168f03a2-95b4-5a34-8f30-2ca9ee7ef65f,1999-02-05,0.0,0.0,0.0
ipo,85a77db0-9a1a-7447-8a8a-598d50d66670,2005-02-04,10.2,0.0,70500000.0
ipo,12f21b89-fe26-72e4-eb43-06b1e8982cb5,2004-11-05,0.0,0.0,62100000.0
ipo,503090c7-c531-f9b0-8e27-4dd960becccb,2003-12-09,18.0,547000000.0,75600000.0
ipo,d26395be-1f10-09b4-a858-fc9eb0df0b44,2001-01-08,0.0,0.0,0.0
ipo,b5d01e7e-61df-23d1-241e-9cbba536fead,2007-10-18,0.0,0.0,0.0
ipo,bf2da45c-e20a-56d8-cbeb-c23ee1893544,2012-10-05,0.0,0.0,0.0
ipo,78558d67-8e8c-a1ff-7c4b-96edee02dae0,2008-06-20,0.0,0.0,0.0
ipo,c18fbaaa-67d8-7c3e-7d48-19bcc1f03905,2007-11-02,0.0,0.0,0.0
ipo,b0d21dd8-dd86-94a7-0de2-4e91c5c5f7fe,2011-06-09,9.0,0.0,64700000.0
ipo,996df444-dd61-f94f-ae83-5fb5af72aab8,2008-08-08,0.0,0.0,0.0
ipo,1d29a7e1-0143-7266-c92a-ebe5e9ac5d9e,2011-02-11,0.0,0.0,0.0
ipo,c984c7b8-fba4-40cb-1939-b8dec10349a1,1988-11-18,0.0,0.0,0.0
ipo,b2f692f3-26ed-9d1c-25ab-461fdb2befc0,2006-05-12,0.0,0.0,0.0
ipo,fad77275-a96c-72b7-7fb1-e48ea29c8233,2007-01-16,0.0,0.0,0.0
ipo,9ae14507-c4ba-4db7-e3f9-8bfe0d820664,2005-01-11,0.0,0.0,0.0
ipo,40b837f4-0e62-adb9-e9e4-6247e18cb638,1998-08-18,0.0,0.0,182000000.0
ipo,d0807165-5c05-0970-ff3c-75fe7e54de39,2004-08-06,0.0,0.0,0.0
ipo,0bc11a94-d3d7-6598-dd5e-2988ef1ab796,2008-04-09,0.0,0.0,0.0
ipo,8ced7dad-e52b-49fd-bb34-d4ebad2bfa4a,2006-12-15,0.0,0.0,0.0
ipo,a2a05ada-72b2-e3b6-0709-a8f13e531f17,1978-01-13,0.0,0.0,0.0
ipo,b5d2c817-15de-55c6-30ab-714896176971,2005-06-16,0.0,0.0,0.0
ipo,ba10c9d2-4d66-da23-60f7-d7515da16987,1992-03-17,0.0,0.0,0.0
ipo,44dcd154-7795-421c-8339-44911dd220fb,2004-01-01,0.0,0.0,0.0
ipo,1a19c742-f782-88ad-d639-0ba1337288c5,2007-04-19,0.0,0.0,0.0
ipo,3760a941-4e20-ceec-d787-2cc2fe7c49ab,2003-07-20,0.0,0.0,0.0
ipo,f549fc7c-2e4e-7e2d-54a9-034869aef4bc,2006-06-19,0.0,0.0,0.0
ipo,b88e5ce6-39a8-c468-b414-1a8e63267578,2012-03-08,0.0,0.0,0.0
ipo,0248c5e5-bbe7-2c26-c436-4c0e0a8b4a5e,2005-03-10,0.0,0.0,0.0
ipo,0b6e5e6c-d1a4-c4d4-69ba-72848a165b3a,1986-02-07,0.0,0.0,0.0
ipo,3c4ffde6-81a7-e713-c01b-1151a20103f4,2011-02-11,30.0,0.0,2800000000.0
ipo,4fcfe064-dec2-71d5-a4d2-c965b43ed779,1978-01-13,0.0,0.0,0.0
ipo,5dcc404c-0931-7224-3b92-ccdfa1f41023,2003-11-03,0.0,0.0,0.0
ipo,6040d76a-1988-fc60-62a2-cce3f23a581c,1983-10-28,0.0,0.0,0.0
ipo,91c8e31a-d59f-a1dc-021e-14926ecb12f1,2002-09-13,0.0,0.0,0.0
ipo,e4122d0b-757f-328c-3748-d1c4593d2b50,2006-02-16,0.0,0.0,0.0
ipo,071ee9aa-145b-c04d-1723-cbd7123dfccf,2006-02-01,0.0,0.0,0.0
ipo,5bcedf19-30e3-3a0e-63ef-6e3e829862de,2011-12-09,0.0,0.0,0.0
ipo,cc81b7cf-aea9-f421-e38f-4ba1d6e7b5c2,2014-02-14,0.0,0.0,0.0
ipo,5125c2d1-8a1c-29ec-9be7-2185d1370d07,2006-04-10,0.0,0.0,0.0
ipo,0ddcc0a7-8f74-6985-0638-dacdbb5ef503,1990-01-02,0.0,0.0,0.0
ipo,bcd8aa17-4e71-c7c5-34c5-3ab9662cc125,1986-03-21,0.0,0.0,0.0
ipo,86e18272-2931-8159-7020-26979285aefd,2009-09-23,0.0,0.0,0.0
ipo,bf341433-c595-1d16-6b76-a72ce84948d0,2007-08-08,0.0,0.0,0.0
ipo,4378473b-9085-d151-1191-cdb7535ff4d4,2000-03-03,0.0,0.0,0.0
ipo,3a2ee61f-108d-b660-68c8-1bb367e7b856,2000-03-03,0.0,0.0,0.0
ipo,fe745828-fea7-c7f9-ad12-e3686e525534,2004-03-04,14.0,0.0,86000000.0
ipo,a20aab2a-7124-34ca-f26a-322eb9ee92bc,2000-07-12,13.0,405000000.0,59800000.0
ipo,72baffbe-857e-c02f-0608-7ae554ee7686,2004-07-21,0.0,0.0,0.0
ipo,f3ead54d-c594-0a5d-09ce-723e9b13515c,2010-10-08,11.0,0.0,66900000.0
ipo,8e7f73f6-fdc4-cf03-aa52-d881a2f11804,2016-12-10,0.0,0.0,0.0
ipo,50570636-e6ba-ea2c-9f0b-1846a68d936b,2006-06-19,10.0,0.0,83000000.0
ipo,83fec1a2-17cd-1180-d27a-c04d30401f41,2009-01-05,0.0,0.0,0.0
ipo,534c9175-7693-266a-5f94-7d99565d8822,2011-08-23,0.0,0.0,101645780.0
ipo,7d37ace5-63fb-39ce-e71f-de514076b55f,2013-05-01,0.0,0.0,31150000.0
ipo,6413143b-f457-aa05-8086-09eae2dd4686,1978-01-13,0.0,0.0,0.0
ipo,844d9eb3-43d1-642e-cb37-292b61c12475,1991-10-25,0.0,0.0,0.0
ipo,70e9297e-c40a-5679-edcf-5287d6577ca2,2000-05-19,0.0,0.0,0.0
ipo,a998e3ab-9586-6be8-22d7-9c7f94668fe6,1978-01-13,0.0,0.0,0.0
ipo,78b4ab2e-7045-0f95-44b5-4a9ef45a347a,2000-04-03,0.0,0.0,0.0
ipo,16045545-aab3-f3e7-f1c7-6b64ec20b1ea,2001-12-21,0.0,0.0,3030000000.0
ipo,d25b9090-3718-70aa-16c0-a297fce8962a,2009-07-02,0.0,0.0,0.0
ipo,db9aebd0-9e66-117c-1a2a-704a797478b7,2014-01-17,10.0,0.0,310000000.0
ipo,5db38c5c-f8ec-d83a-9557-fcedb3d0d263,1978-01-13,0.0,0.0,0.0
ipo,076ac3aa-ab73-999f-58af-be22d69635a4,2013-11-12,0.0,0.0,20400000.0
ipo,33c518eb-6e91-b7a4-ecf0-3c702c5b1b62,2002-10-01,0.0,0.0,0.0
ipo,6bc45b27-f425-70ed-ef6c-912200156b21,2013-02-12,28.0,0.0,44800000.0
ipo,f78aea7d-9644-1987-d2bf-9bbafbbe43be,1996-05-30,0.0,0.0,0.0
ipo,23779224-3f23-c6bc-bcad-13f4f1ec6dc9,2002-01-28,0.0,0.0,0.0
ipo,fa8a1fa3-b74f-9b48-3a46-ba474abe1c5d,2009-02-19,0.0,0.0,0.0
ipo,c79f5491-919d-4a8e-5696-e51f6c60ea19,2013-01-18,0.0,0.0,12500000.0
ipo,ad5f6943-c1bc-5bce-94b4-f0f3e470f238,2014-01-24,24.0,0.0,1800000000.0
ipo,334b4242-e94b-d9fc-357c-86152f5e4ac0,2015-12-28,0.0,0.0,0.0
ipo,dfdddecb-c719-02ec-56f6-da4f071ab6e6,1981-08-28,0.0,0.0,0.0
ipo,dabfe86a-8069-d9e9-bdc6-6e7bd33c0b5f,1978-08-18,0.0,0.0,0.0
ipo,4462fd64-83d5-40c5-bd45-0156c80dbfcc,1998-05-14,4.0,0.0,6400000.0
ipo,1ae3b921-439d-931a-5290-acd00abd75d2,1999-11-05,0.0,0.0,0.0
ipo,46e0ebf2-b5e7-13ad-1b0d-5f9e8c065aa2,2009-09-30,0.0,0.0,0.0
ipo,058998ec-0bdd-6b88-e591-add04771bbeb,2010-02-19,0.0,0.0,86000000.0
ipo,bacb8bd7-5f9c-bcd8-5d63-42ff5f2e2821,1994-02-25,0.0,0.0,0.0
ipo,2e74faab-6e41-0daf-1ad7-ce83730eec95,1988-07-01,0.0,0.0,0.0
ipo,fb6b360b-b15a-ac93-c9ad-bb4d0a9ab1f6,2014-01-29,0.0,0.0,43500000.0
ipo,30867104-8a17-880c-4e0e-b72ce45b1d56,2001-01-29,0.0,0.0,0.0
ipo,95b586c3-807f-904c-a416-5b2c44cd101e,2009-03-09,0.0,0.0,0.0
ipo,25cf43a7-dab6-d9c5-6204-70a262a8b94d,1995-01-13,0.0,0.0,0.0
ipo,41803252-c8b5-d5d0-3599-256cda93e36e,2000-07-28,0.0,0.0,0.0
ipo,05f66b43-5812-99cb-6028-7ce52dd20cf7,2005-01-07,0.0,0.0,0.0
ipo,756de0f5-e3a0-8da5-e457-a96a15fee228,2010-01-05,0.0,0.0,0.0
ipo,8a3052c9-ad37-dbd3-30a7-a7ddbc110592,2007-07-06,0.0,0.0,0.0
ipo,018554c8-871f-38f0-a2c6-2d70948117aa,2006-11-03,0.0,0.0,0.0
ipo,02729e96-1867-b9e2-fb52-bc50ff6629bb,1982-08-20,0.0,0.0,0.0
ipo,5da2a28b-72d0-9346-6fd6-bd7c72c6cf4a,1996-04-19,0.0,0.0,0.0
ipo,cf0f2e0d-97e8-a8d5-ab84-1e56842a5c74,1997-11-12,0.0,0.0,0.0
ipo,9c7225e8-6b5c-df1a-7924-72a917ad48cb,1999-06-04,0.0,0.0,0.0
ipo,8c3bf305-5021-2413-d33c-bb7d79e95598,2006-02-17,0.0,0.0,0.0
ipo,ef6f8e9a-09c0-35f0-fee7-47d0b5b05538,2003-01-10,0.0,0.0,0.0
ipo,3a8c2c76-4f07-f011-5416-ffb9c6d67ac2,2010-09-23,16.0,0.0,270000000.0
ipo,bb2f8cd7-b871-1fc2-5916-bb866ab2bb53,1978-01-13,0.0,0.0,0.0
ipo,47e10691-b821-dfae-ee9e-bb9c1e7bc7ba,1992-05-27,0.0,0.0,0.0
ipo,0fe0bc41-a948-e605-bd77-f4aa1d809cc4,2005-06-14,0.0,0.0,0.0
ipo,8e7d77ec-21ab-c80b-951f-7491e4f9f390,2009-02-02,0.0,0.0,0.0
ipo,aafc08b9-ce0f-0849-745e-99eb5e51dbc8,1996-08-09,0.0,0.0,0.0
ipo,f059afdd-694f-1e04-cd7c-aeebb6b0571d,2012-12-28,0.0,0.0,122100000.0
ipo,ee82b5db-06eb-97f9-7d6d-988606a471de,2012-12-21,0.0,0.0,0.0
ipo,41b349e2-8f87-7617-a439-c0aff08e6456,2004-07-02,0.0,0.0,0.0
ipo,26a95fb8-d01c-bdc5-b2d4-8398b341b956,2014-10-29,0.0,0.0,0.0
ipo,4d760653-e5d8-9dda-7a49-b4921fe18f19,1962-01-02,0.0,0.0,0.0
ipo,c16ee985-e830-4c4d-eff2-34be76ca8174,2012-01-05,0.0,0.0,0.0
ipo,9b287110-af96-cec2-a2c4-de9f7d3ca6d0,2002-06-28,0.0,0.0,0.0
ipo,23f613e9-5e02-0975-cdca-771126d5e441,1998-06-29,0.0,0.0,0.0
ipo,fc042a45-f6fa-3b82-4b2a-037f99f53738,2003-12-01,0.0,0.0,0.0
ipo,af5a7c36-a50e-4251-66db-3257758a06fb,1987-08-13,0.0,0.0,0.0
ipo,5ffcf6f7-fcf4-db3a-3c9f-5841e96f118e,2005-03-28,0.0,0.0,0.0
ipo,f40f7f6b-9852-8e64-f4eb-10b333451391,2011-06-17,0.0,0.0,0.0
ipo,165db160-f63f-c64b-ee4a-9b5b30cf1a96,1995-06-16,0.0,0.0,0.0
ipo,83214457-e302-1d15-6620-1a6cc0e8e114,2014-02-07,0.0,0.0,115000000.0
ipo,624ddfe5-c7b8-346f-84ae-8daca34a977e,2010-02-19,0.0,0.0,0.0
ipo,5e58e5f8-b36d-d6ef-24be-8c50cc0197e6,2011-09-09,0.0,0.0,0.0
ipo,35bcf078-e4b4-5539-6dad-2ff7937eb01e,2007-06-25,0.0,0.0,0.0
ipo,8c4c3edb-32e3-9605-8a7b-b952fd90b293,2011-03-11,0.0,0.0,0.0
ipo,9304f906-6f54-79e8-a88b-7392a8444098,1996-05-30,0.0,0.0,0.0
ipo,a56e112d-7479-fc6f-2ab1-8963343b1c7b,2002-02-11,0.0,0.0,0.0
ipo,8598bac1-18aa-5e4c-ed7d-b74ff10d177f,2000-01-14,0.0,0.0,0.0
ipo,ea8f186e-be86-7df7-4aa1-ddf10cfddc58,2003-10-24,0.0,0.0,0.0
ipo,6f12d719-dd5f-8cb4-869a-43865778b7f8,2013-11-14,0.0,0.0,0.0
ipo,e4c2a838-7f91-3925-830f-f0c4348c4fe3,2012-09-05,0.0,0.0,0.0
ipo,1478b052-62b3-ab43-0f3f-736c166c7697,1978-01-13,0.0,0.0,0.0
ipo,05fd5fa9-9890-aeaf-9442-afa08bd909fd,2008-02-19,0.0,0.0,0.0
ipo,dfb31a48-1c77-0fde-6949-918a07185355,2006-03-31,0.0,0.0,0.0
ipo,c1c94485-0af5-453d-b87f-dbb69cc77dad,2003-10-24,0.0,0.0,0.0
ipo,0b660114-7d2e-857a-a27c-4dadfd129b8b,1994-03-11,0.0,0.0,0.0
ipo,17b2e675-7e08-ad4a-28b2-889f02bb3294,2013-04-09,2.3,46151004.0,21000000.0
ipo,aa9707bd-e9f8-074d-c899-221014cb03bd,1992-05-29,0.0,0.0,0.0
ipo,306b1ace-315f-8f78-b4e5-6fbe8414db79,1999-04-16,0.0,0.0,0.0
ipo,31c28310-d6d9-7a6c-4e2b-c6ea8baa90e3,2012-08-27,0.0,0.0,0.0
ipo,22eb4436-d7e0-088a-843b-ca335fef1633,2009-10-09,0.0,0.0,0.0
ipo,f212223b-1c84-9dfa-040a-1b611cd21659,2000-06-09,0.0,0.0,0.0
ipo,795e068b-d90f-0c06-4f3a-575396e2b3b9,2012-03-02,0.0,0.0,0.0
ipo,404d9a03-0390-ef96-43dc-870b5eece462,2009-11-13,0.0,0.0,0.0
ipo,c97781a6-2bb2-afea-e7e0-03068bb2756a,2011-12-16,0.0,0.0,0.0
ipo,dec57324-2ca9-5f4e-14e6-2d1165287e04,2009-09-18,0.0,0.0,0.0
ipo,a5f93cb9-be79-7b77-afeb-2834252de5ad,2008-05-22,0.0,0.0,0.0
ipo,8ba62286-bf36-66db-972b-3e654773ce6e,2007-06-01,0.0,0.0,0.0
ipo,e9b8ac17-508c-89ee-31a7-a2c4228da896,1978-01-13,0.0,0.0,0.0
ipo,1a5356df-c5cb-927a-18db-d3e0808fb775,2008-02-14,10.0,0.0,51000000.0
ipo,c00bf7d9-28ce-f15e-1ee7-77f610897845,2000-01-06,25.0,3091000000.0,200000000.0
ipo,d89170b8-febd-8a2c-8a35-a94e1751b1f4,2000-09-29,0.0,0.0,0.0
ipo,07a6e52d-6b2c-2519-ea0f-04c62cde44bc,2000-04-21,0.0,0.0,0.0
ipo,1faa7b4e-2c46-c4f1-e926-4bd6f40b25c7,2009-02-23,0.0,0.0,0.0
ipo,fd70ad35-b982-f432-5dfb-af7ef4cfc3b6,1994-04-22,0.0,0.0,0.0
ipo,59a78702-8734-8af1-eefa-85fc99022ca9,2005-09-19,0.0,0.0,0.0
ipo,ba85bdfd-8d83-121b-6f43-27d30d185374,2011-10-11,0.0,0.0,0.0
ipo,1a72fb82-5ff6-ebb5-941b-02014d5f4b41,1992-07-02,0.0,0.0,0.0
ipo,35fef316-c54e-b415-f60e-df33bdb0ce92,1998-07-01,9.0,0.0,22500000.0
ipo,58503ca4-4821-031e-3cd3-2f24b39be96c,2007-12-05,0.0,0.0,0.0
ipo,881ce034-779b-1762-b7f2-fce223a4d24e,2012-04-04,0.0,0.0,0.0
ipo,b24fa7a4-0398-1ed8-2818-942e16c4196f,1999-02-23,19.0,247000000.0,155500000.0
ipo,011ea9bc-28af-8f3f-47f6-94d1bd3a5406,1998-12-18,0.0,0.0,0.0
ipo,ea0d232c-e459-d727-21f7-9b0b529f5f89,2014-03-03,0.0,0.0,0.0
ipo,3aeb8fa6-3f6f-ff55-6972-1f0982eb7a09,2000-07-18,0.0,0.0,0.0
ipo,fb9ba721-33c5-7096-daef-d1cffacd5242,1992-11-10,0.0,0.0,0.0
ipo,e73e139c-fe92-bbd5-2ef1-4f7be68790e4,2014-03-07,0.0,0.0,125000000.0
ipo,912b6a7e-c96b-e802-db39-e31efc0ee0f0,2011-12-09,0.0,0.0,0.0
ipo,7402b134-dd69-401e-2fa2-157e015027bd,2013-06-01,0.0,0.0,5200000.0
ipo,dacbc2a2-f495-1789-3396-5332fcbd0544,1978-01-13,0.0,0.0,0.0
ipo,fa2e3f19-6166-7bf8-2f3e-22afbd237f31,2013-11-29,0.0,0.0,0.0
ipo,c87b8591-3d00-92bd-be5d-28d1784c1a73,2010-01-08,0.0,0.0,0.0
ipo,de91b31b-0e62-1b6a-f1a9-6d2370306cb5,2000-12-05,0.0,0.0,0.0
ipo,8928ee7a-c56b-26a2-9c45-b561ddd64c7d,2000-03-10,0.0,0.0,0.0
ipo,423b5c9d-331e-5fe6-1cd7-30571d531fd0,2003-01-10,0.0,0.0,0.0
ipo,7edb2157-8151-c127-2145-c51e8b0e48ea,2008-12-18,0.0,0.0,0.0
ipo,5a9219b0-c1e5-db83-c4f6-6013382ae8a2,2011-03-07,0.0,0.0,0.0
ipo,8a951064-544e-d61e-fecf-5dd3e9a5cf85,1999-01-21,0.0,0.0,0.0
ipo,696bdf8f-df2c-b80c-6ad7-856a631812aa,2013-10-25,0.0,0.0,0.0
ipo,3fddec04-3af4-4025-503c-dded57fab05b,1978-01-13,0.0,0.0,0.0
ipo,201e94e7-a1a0-9330-76a4-467f3c0fd29c,1929-12-02,0.0,0.0,0.0
ipo,3e9074d0-c09f-cbef-944b-ce3186d9a4a9,2014-01-03,65.0,0.0,520000000.0
ipo,6a4de860-6439-8c1b-c9ee-27899ac5c80c,2012-11-09,0.0,0.0,0.0
ipo,ccb58671-2e4e-9055-2eb1-6822cb43c7cf,1993-08-01,0.0,0.0,0.0
ipo,7cf80ad7-dd52-b60c-0bcb-d68443f40156,1996-09-13,0.0,0.0,0.0
ipo,191a4723-d319-e8a4-0155-26aa90378ecf,2009-03-08,0.0,0.0,0.0
ipo,ec3eaa0d-9255-6d7a-0c4a-00b4f09930f0,2013-11-19,0.0,0.0,0.0
ipo,4ca831fb-3765-ee84-ab40-85efb8c23b3e,2010-07-02,0.0,0.0,0.0
ipo,6b2887c8-5dac-2c78-be02-14f193b7d278,2007-06-08,0.0,0.0,0.0
ipo,e5fe9186-8b8c-3c74-1bd7-cbafc4ac32c4,2009-07-31,0.0,0.0,0.0
ipo,53bb5493-fe05-547f-80ef-7401783e0852,2003-01-10,0.0,0.0,0.0
ipo,be54d8c2-ac5d-e1b3-09df-5dadc185c401,2000-06-30,16.0,540000000.0,224000000.0
ipo,89636a99-54f1-6865-a515-c8018e12d186,1997-06-11,0.0,0.0,43200000.0
ipo,b61abede-2bfa-f7da-30fe-9293afa9ea0d,2004-02-06,6.0,0.0,26400000.0
ipo,c5f839a6-0990-2b64-d7ac-65e57e7e1a15,1998-04-16,15.0,106185000.0,33750000.0
ipo,f4e43094-7e07-2bbf-13eb-be9062619a53,1997-10-22,16.0,0.0,89600000.0
ipo,fd724181-0e0f-6b47-0c03-5a384c131c3f,2010-02-16,0.0,0.0,0.0
ipo,4ca7bc92-0112-3c90-7a70-34e6ef502b56,2005-09-15,0.0,0.0,0.0
ipo,e606fc6b-d625-4ad1-8444-012eb394a2f3,2014-03-14,0.0,0.0,0.0
ipo,c50b60b5-04a8-ecf0-0ace-8f283ce9f612,2011-12-22,0.0,0.0,0.0
ipo,5fe5f05b-16ed-9344-0234-1e1f2f848dd9,1993-01-01,0.0,0.0,0.0
ipo,9fb1095e-0501-1ee2-2b2b-58112f60f97c,1995-12-01,0.0,0.0,0.0
ipo,fea2172e-a4e8-9dd9-3f04-febdc15d0fc0,1995-11-21,0.0,0.0,0.0
ipo,97e3dae0-6b82-cd1e-b450-d54aa4a68dc7,1994-01-01,0.0,0.0,0.0
ipo,ed1b5b61-4dad-6bdb-f55a-600aa6908eeb,1998-03-13,16.0,144000000.0,56000000.0
ipo,08468366-5ca9-bd91-006c-a53a5ce909f1,1989-01-01,0.0,0.0,0.0
ipo,9504f883-0815-a137-07a9-a2de5ba06e52,2010-12-17,11.0,0.0,66000000.0
ipo,69890663-67c6-f52f-fe5f-8e4231462dea,1989-01-01,0.0,0.0,0.0
ipo,1c260875-506b-5cde-a9f7-0d2250f62eb2,2004-11-05,0.0,0.0,0.0
ipo,03c3f4bf-d590-24f2-fe29-45bb85f5b4c5,1994-07-29,0.0,0.0,0.0
ipo,56852f12-39bb-b8cd-c7b1-d01691bca0a7,1995-01-01,0.0,0.0,0.0
ipo,30fdda25-8836-bbf4-9dd7-7a134118a245,2014-03-20,0.0,0.0,250000000.0
ipo,e79b70b8-5827-943d-1313-a178229b57db,2009-03-16,0.0,0.0,0.0
ipo,c7783089-41e0-d2d1-2c6b-c5fabeb307ba,1995-04-13,0.0,0.0,0.0
ipo,3e98fae6-be2f-d4f4-9c49-b72c1731b965,2011-07-01,0.0,0.0,380600000.0
ipo,5a1496f1-0f26-d0e0-9815-d378750011e4,1978-01-13,0.0,0.0,0.0
ipo,8fae64e2-18bc-da92-c52c-00d44d8ede11,2000-09-29,0.0,0.0,0.0
ipo,56409cc3-6671-61ce-4edf-d978f1ced3de,1978-01-13,0.0,0.0,0.0
ipo,3ccec623-3f61-e513-5ed2-73e1b647a549,2012-09-28,0.0,0.0,0.0
ipo,45f825b3-92c0-50d3-0842-f333f90884af,1992-01-19,0.0,0.0,0.0
ipo,cc860da6-a9ca-c249-bc4e-03b27402f304,1990-05-04,0.0,0.0,0.0
ipo,d32ed6e6-f4f6-55c8-5e11-7a4cd4fed856,2013-06-28,0.0,0.0,0.0
ipo,7b363b0c-a828-59c3-38ae-9646c274785b,2013-11-15,0.0,0.0,14052536.0
ipo,775ddf39-7d3b-87d4-0e07-d171e8b3af0c,1995-01-01,0.0,0.0,0.0
ipo,4b27ad70-10be-3921-7ea3-8f11739acd10,2002-11-20,15.0,138000000.0,32799999.0
ipo,11f9069f-8be2-79f1-38a4-7204e68f58f2,1996-01-01,0.0,0.0,0.0
ipo,a35a7a7d-f756-6549-c1f7-ddada1b350f5,2003-05-12,16.0,0.0,80000000.0
ipo,7001c182-39fc-0ca7-dcee-0795256dc9d8,1992-01-01,0.0,0.0,0.0
ipo,76007938-2ec8-a38f-d982-4ef73cf0bda2,1999-01-01,0.0,0.0,75000000.0
ipo,9da03c45-06de-67c7-8df7-cfa06cd75fc4,1999-10-22,16.0,0.0,54400000.0
ipo,198f4913-7461-779c-0052-f9430805f644,1978-01-13,0.0,0.0,0.0
ipo,18fa1f7f-247c-b0bc-abc0-8cddca26d378,2003-01-10,0.0,0.0,95000000.0
ipo,c9a195ee-0bb8-6052-ae7b-d3973ab41a24,2000-03-21,0.0,0.0,0.0
ipo,7c02184d-7670-66b9-754b-2ea0d0e40a8d,1978-04-12,24.0,0.0,0.0
ipo,920b1c5c-5407-1bcb-26b8-2bb0b88e0076,1978-01-13,0.0,0.0,0.0
ipo,f11543b2-7af3-9995-2009-82096a42ed3f,1978-01-13,0.0,0.0,0.0
ipo,1bc28dec-4dde-5152-42b7-811f15233396,2001-11-09,36.0,0.0,1700000000.0
ipo,9ec60f0b-348b-68eb-8c99-51e59be50ea3,2006-02-10,0.0,0.0,0.0
